"FU","Survey","Year","Station","MidDeglong","MidDegLat","Density","Density_Adjusted","DoGm","m2","Count","Ground","DoGSource","Vessel"
2021,"CV140011",2014,207,-7.950886634,50.89204429,0.117336281,0.090258677,248.182891,178.9727772,21,"Labadie","USBL","Celtic Voyager"
2021,"CV140011",2014,208,-7.791431492,50.89187493,0.086543531,0.066571947,254.2073297,190.6554973,16.5,"Labadie","USBL","Celtic Voyager"
2021,"CV140011",2014,209,-7.635375177,50.89186433,0.280664402,0.215895694,269.5862227,185.2746542,52,"Labadie","USBL","Celtic Voyager"
2021,"CV140011",2014,210,-8.193899931,50.80416899,0.069907769,0.053775207,291.0705467,207.4161455,14.5,"Labadie","USBL","Celtic Voyager"
2021,"CV140011",2014,211,-8.034403181,50.80401526,0.481152856,0.370117581,274.3410923,205.7558192,99,"Labadie","USBL","Celtic Voyager"
2021,"CV140011",2014,212,-7.711548521,50.81080347,0.013125379,0.010096446,259.7067065,190.4706882,2.5,"Labadie","USBL","Celtic Voyager"
2021,"CV140011",2014,213,-8.593544942,50.71545896,0.058942438,0.045340337,289.3317127,212.0713076,12.5,"Labadie","USBL","Celtic Voyager"
2021,"CV140011",2014,214,-8.431902112,50.72236172,0.053112299,0.040855615,222.1133585,160.038261,8.5,"Labadie","USBL","Celtic Voyager"
2021,"CV140011",2014,215,-8.27892101,50.71956603,0.118615326,0.091242558,224.3706734,155.9663547,18.5,"Labadie","USBL","Celtic Voyager"
2021,"CV140011",2014,216,-8.105993879,50.72369161,0.355709568,0.273622745,319.0384018,223.4969399,79.5,"Labadie","USBL","Celtic Voyager"
2021,"CV140011",2014,217,-7.946120494,50.72518954,0.088769628,0.068284329,301.0072633,214.03717,19,"Labadie","USBL","Celtic Voyager"
2021,"CV140011",2014,218,-7.787191772,50.72364554,0.096100513,0.073923472,285.9045611,192.5067757,18.5,"Labadie","USBL","Celtic Voyager"
2021,"CV140011",2014,219,-7.64560453,50.71672646,0.0026229,0.002017616,254.1715524,190.6286643,0.5,"Labadie","USBL","Celtic Voyager"
2021,"CV140011",2014,220,-7.490033383,50.72257613,0.106019579,0.081553522,298.5423764,174.4960712,18.5,"Labadie","USBL","Celtic Voyager"
2021,"CV140011",2014,222,-8.354440958,50.62958512,0.003304881,0.002542216,201.7218265,151.2913699,0.5,"Labadie","USBL","Celtic Voyager"
2021,"CV140011",2014,223,-8.187596223,50.63447426,0.34124204,0.262493877,265.6960633,199.2720475,68,"Labadie","USBL","Celtic Voyager"
2021,"CV140011",2014,224,-7.874253998,50.63685697,0.383703099,0.29515623,261.7026856,170.7049024,65.5,"Labadie","USBL","Celtic Voyager"
2021,"CV140011",2014,225,-7.716418009,50.64083644,0.152407011,0.117236163,220.337081,127.9468695,19.5,"Labadie","USBL","Celtic Voyager"
2021,"CV140011",2014,226,-7.560537549,50.63349711,0.358472233,0.275747871,234.9596599,135.2963927,48.5,"Labadie","USBL","Celtic Voyager"
2021,"CV140011",2014,227,-7.415016848,50.63797299,0.308910004,0.23762308,300.3420127,168.3338166,52,"Labadie","USBL","Celtic Voyager"
2021,"CV140011",2014,228,-7.261088808,50.63307536,0.164895173,0.126842441,375.9964522,281.9973391,46.5,"Labadie","SHIP","Celtic Voyager"
2021,"CV140011",2014,229,-7.096746397,50.64196783,0,0,329.5001666,181.499775,0,"Labadie","SHIP","Celtic Voyager"
2021,"CV140011",2014,230,-8.420600598,50.55241326,0.361917269,0.2783979,268.9380739,201.7035554,73,"Labadie","USBL","Celtic Voyager"
2021,"CV140011",2014,231,-8.270593721,50.54769566,0,0,204.2903873,153.2177904,0,"Labadie","USBL","Celtic Voyager"
2021,"CV140011",2014,232,-7.952972368,50.54539645,0.494262897,0.380202229,264.3667315,198.2750486,98,"Labadie","USBL","Celtic Voyager"
2021,"CV140011",2014,233,-7.793862118,50.54714408,0.592910373,0.456084903,242.8697599,182.1523199,108,"Labadie","USBL","Celtic Voyager"
2021,"CV140011",2014,234,-7.644475709,50.54395533,0.677475604,0.52113508,163.3515157,122.5136367,83,"Labadie","USBL","Celtic Voyager"
2021,"CV140011",2014,235,-7.487935713,50.55152141,0.235449752,0.181115194,235.0112191,176.2584143,41.5,"Labadie","USBL","Celtic Voyager"
2021,"CV140011",2014,236,-7.327785921,50.54928522,0.219338739,0.168722107,234.0367848,175.5275886,38.5,"Labadie","USBL","Celtic Voyager"
2021,"CV140011",2014,237,-7.013347167,50.55230244,0.208473421,0.16036417,253.5497132,187.0742073,39,"Labadie","USBL","Celtic Voyager"
2021,"CV140011",2014,238,-8.664237447,50.46031253,0.106102214,0.081617088,263.8964713,197.9223535,21,"Labadie","USBL","Celtic Voyager"
2021,"CV140011",2014,239,-8.515481377,50.46110957,0.382768993,0.294437687,196.8114836,147.6086127,56.5,"Labadie","USBL","Celtic Voyager"
2021,"CV140011",2014,240,-8.201034981,50.46364435,0.26230902,0.201776169,243.9870347,182.990276,48,"Labadie","USBL","Celtic Voyager"
2021,"CV140011",2014,241,-8.035624165,50.46470538,0.512155469,0.393965745,269.4494317,202.0870738,103.5,"Labadie","USBL","Celtic Voyager"
2021,"CV140011",2014,242,-7.878651019,50.47041039,0.122200919,0.094000707,225.2966911,155.481646,19,"Labadie","USBL","Celtic Voyager"
2021,"CV140011",2014,243,-7.252484929,50.46245137,0.244735271,0.188257901,147.6667177,106.2372411,26,"Labadie","USBL","Celtic Voyager"
2021,"CV140011",2014,244,-9.071689888,50.37356869,0.00285197,0.002193823,233.7565579,175.3174184,0.5,"Labadie","USBL","Celtic Voyager"
2021,"CV140011",2014,245,-8.894395622,50.37217728,0.078799652,0.060615117,177.6657589,133.2493191,10.5,"Labadie","USBL","Celtic Voyager"
2021,"CV140011",2014,246,-8.750479654,50.37959857,0.202958616,0.156122012,223.3624482,167.5218362,34,"Labadie","USBL","Celtic Voyager"
2021,"CV140011",2014,247,-8.591884508,50.37436882,0.086298932,0.066383794,162.2268055,121.6701041,10.5,"Labadie","USBL","Celtic Voyager"
2021,"CV140011",2014,248,-8.424154936,50.3774245,0.225448005,0.173421542,275.0079781,206.2559835,46.5,"Labadie","USBL","Celtic Voyager"
2021,"CV140011",2014,249,-8.280198641,50.37233475,0.304112951,0.233933039,188.4160667,138.1065813,42,"Labadie","USBL","Celtic Voyager"
2021,"CV140011",2014,250,-8.120132007,50.37795238,0.756101366,0.581616436,239.2389393,179.4292045,135.6666667,"Labadie","USBL","Celtic Voyager"
2021,"CV140011",2014,251,-7.176623206,50.37567858,0.163176857,0.125520659,263.5268644,189.9779211,31,"Labadie","USBL","Celtic Voyager"
2021,"CV140011",2014,252,-7.01653587,50.3754458,0.269707123,0.207467018,323.1484192,237.2944372,64,"Labadie","USBL","Celtic Voyager"
2021,"CV140011",2014,253,-9.13772118,50.28990478,0.270326808,0.207943698,197.2920622,147.9690467,40,"Labadie","USBL","Celtic Voyager"
2021,"CV140011",2014,254,-8.9933566,50.28486948,0.063351043,0.048731571,263.0843305,197.3132478,12.5,"Labadie","USBL","Celtic Voyager"
2021,"CV140011",2014,255,-8.842987423,50.28677729,0.162190992,0.124762302,249.3630746,187.0223059,30.33333333,"Labadie","USBL","Celtic Voyager"
2021,"CV140011",2014,256,-8.682826394,50.28805744,0.403922182,0.31070937,234.3685764,175.7764323,71,"Labadie","USBL","Celtic Voyager"
2021,"CV140011",2014,257,-8.357563707,50.28764466,0.347419199,0.267245538,268.0626016,191.4114134,66.5,"Labadie","USBL","Celtic Voyager"
2021,"CV140011",2014,258,-8.202721582,50.29147532,0.389221856,0.299401427,186.6972926,140.0229695,54.5,"Labadie","USBL","Celtic Voyager"
2021,"CV140011",2014,259,-9.062032308,50.20170892,0.267392303,0.205686387,269.2672874,201.9504655,54,"Labadie","USBL","Celtic Voyager"
2021,"CV140011",2014,260,-8.74922,50.20645364,0.414985662,0.31921974,252.2175494,189.163162,78.5,"Labadie","USBL","Celtic Voyager"
2021,"CV140011",2014,261,-8.596895127,50.19926221,0.004164781,0.003203677,160.0724594,120.0543446,0.5,"Labadie","USBL","Celtic Voyager"
2021,"CV140011",2014,262,-8.443398984,50.20097449,0.421695735,0.324381335,179.441286,131.6114805,55.5,"Labadie","USBL","Celtic Voyager"
2021,"CV140011",2014,263,-8.285528951,50.20400836,0.514698617,0.395922013,161.9070472,121.4302854,62.5,"Labadie","USBL","Celtic Voyager"
2021,"CV140011",2014,264,-8.126867801,50.20431552,0.427425765,0.32878905,218.361505,163.7711288,70,"Labadie","USBL","Celtic Voyager"
2021,"CV140011",2014,265,-8.988759134,50.10601662,0.334592774,0.257379057,186.5093329,128.5144313,43,"Labadie","USBL","Celtic Voyager"
2021,"CV140011",2014,266,-8.83294531,50.12345053,0.523208076,0.402467751,214.0639742,160.5479806,84,"Labadie","USBL","Celtic Voyager"
2021,"CV140011",2014,267,-8.377856829,50.10867591,0.165041495,0.126954996,189.8512448,142.3884336,23.5,"Labadie","USBL","Celtic Voyager"
2021,"CV140011",2014,268,-8.225618757,50.10361891,0.347177507,0.267059621,240.0309112,180.0231834,62.5,"Labadie","USBL","Celtic Voyager"
2021,"CV140011",2014,270,-7.745429509,50.11414853,0.205169389,0.157822607,152.7193383,114.5395037,23.5,"Labadie","USBL","Celtic Voyager"
2021,"CV140011",2014,271,-7.432366017,50.11075689,0.279396176,0.214920136,257.6985876,193.2739407,54,"Labadie","USBL","Celtic Voyager"
2021,"CV140011",2014,272,-7.283585699,50.11131276,0.101660461,0.078200354,215.312183,157.3866567,16,"Labadie","USBL","Celtic Voyager"
2021,"CV140011",2014,274,-8.447551531,50.03396555,0.555571311,0.427362547,189.5946232,142.1959674,79,"Labadie","USBL","Celtic Voyager"
2021,"CV140011",2014,275,-8.288175341,50.02410385,0.177041122,0.136185479,233.5815325,172.2763593,30.5,"Labadie","USBL","Celtic Voyager"
2021,"CV140011",2014,276,-8.120038979,50.02662076,0.14749289,0.113456069,245.2083377,179.6696781,26.5,"Labadie","USBL","Celtic Voyager"
2021,"CV140011",2014,277,-7.971423394,50.02706227,0.196950081,0.151500062,220.0219121,165.0164341,32.5,"Labadie","USBL","Celtic Voyager"
2021,"CV140011",2014,278,-7.822245268,50.03011141,0.226833502,0.174487309,158.3562804,114.6215166,26,"Labadie","USBL","Celtic Voyager"
2021,"CV140011",2014,279,-7.67864401,50.03462901,0.500407951,0.384929193,177.1887645,132.8915734,66.5,"Labadie","USBL","Celtic Voyager"
2021,"CV140011",2014,280,-7.363075019,50.02738093,0.596669225,0.458976327,210.0549652,157.5412239,94,"Labadie","USBL","Celtic Voyager"
2021,"CV140011",2014,281,-8.991383067,49.94017084,0,0,219.7585273,138.4271873,0,"Labadie","USBL","Celtic Voyager"
2021,"CV140011",2014,282,-8.831620396,49.9392521,0.167474258,0.128826353,246.8040983,185.1030737,31,"Labadie","USBL","Celtic Voyager"
2021,"CV140011",2014,283,-8.684177063,49.93420319,0.129202596,0.099386612,264.6533322,178.0149991,23,"Labadie","SHIP","Celtic Voyager"
2021,"CV140011",2014,284,-8.525057722,49.9424285,0.163855213,0.126042472,292.6806923,176.9855192,29,"Labadie","SHIP","Celtic Voyager"
2021,"CV140011",2014,285,-8.219532953,49.93898047,0.373236672,0.287105133,176.8314983,132.6236237,49.5,"Labadie","USBL","Celtic Voyager"
2021,"CV140011",2014,286,-8.062961334,49.94161885,0,0,211.9631954,158.9723965,0,"Labadie","USBL","Celtic Voyager"
2021,"CV140011",2014,287,-7.898707051,49.94247176,0.423689281,0.325914831,237.5955004,178.1966253,75.5,"Labadie","USBL","Celtic Voyager"
2021,"CV140011",2014,288,-7.741093951,49.94750588,0.383951111,0.295347009,248.6037658,182.3148779,70,"Labadie","USBL","Celtic Voyager"
2021,"CV140011",2014,289,-7.439115874,49.93849563,0.622570757,0.478900582,195.9616617,146.9712463,91.5,"Labadie","USBL","Celtic Voyager"
2021,"CV140011",2014,290,-7.280651089,49.93740643,0.417686217,0.32129709,253.7790227,190.334267,79.5,"Labadie","USBL","Celtic Voyager"
2021,"CV140011",2014,291,-8.45032706,49.85051679,0.003783116,0.002910089,176.2215712,132.1661784,0.5,"Labadie","USBL","Celtic Voyager"
2021,"CV140011",2014,292,-8.289326259,49.85452268,0.398540674,0.306569749,264.2975742,198.2231806,79,"Labadie","USBL","Celtic Voyager"
2021,"CV140011",2014,293,-8.138187964,49.84277931,0.207709072,0.159776209,205.4155179,154.0616384,32,"Labadie","USBL","Celtic Voyager"
2021,"CV140011",2014,294,-7.672772731,49.85602433,0.309786498,0.238297306,189.3777393,142.0333044,44,"Labadie","USBL","Celtic Voyager"
2021,"CV140011",2014,295,-7.355839075,49.84851526,0.427803012,0.32907924,283.6196331,212.7147248,91,"Labadie","USBL","Celtic Voyager"
2021,"CV140011",2014,296,-8.521625308,49.76802664,0.024296471,0.018689593,219.5106156,164.6329617,4,"Labadie","USBL","Celtic Voyager"
2021,"CV140011",2014,297,-8.367792671,49.77246164,0.204366104,0.157204695,238.1347289,178.6010466,36.5,"Labadie","USBL","Celtic Voyager"
2021,"CV140011",2014,298,-8.218231973,49.76695111,0.199729121,0.153637785,203.6091008,152.7068256,30.5,"Labadie","USBL","Celtic Voyager"
2021,"CV140011",2014,299,-7.59382273,49.77109544,0.357219366,0.274784128,227.6845575,170.7634181,61,"Labadie","USBL","Celtic Voyager"
2021,"CV140011",2014,302,-7.172246911,50.54914873,0.391821647,0.301401267,248.4123428,186.3092571,73,"Labadie","USBL","Celtic Voyager"
2021,"CV140011",2014,303,-9.219204057,50.20004269,0.120174429,0.092441868,232.9946586,174.745994,21,"Labadie","USBL","Celtic Voyager"
2021,"CV140011",2014,305,-8.678222308,50.11285719,0.056281514,0.043293472,201.3686661,151.0264996,8.5,"Labadie","USBL","Celtic Voyager"
2021,"CV140011",2014,306,-7.890935994,50.11792074,0,0,180.3046869,135.2285152,0,"Labadie","USBL","Celtic Voyager"
2021,"CV140011",2014,309,-7.996098564,49.85598555,0,0,314.7776618,236.0832464,0,"Labadie","USBL","Celtic Voyager"
2021,"CV140011",2014,310,-7.440961028,49.76745873,0.676392441,0.520301878,283.8588788,212.8941591,144,"Labadie","USBL","Celtic Voyager"
2021,"CV140011",2014,221,-7.321243822,50.72104904,0,0,18.82476011,14.11857008,0,"Labadie","Estimated","Celtic Voyager"
2021,"CV140011",2014,269,-8.053132015,50.11464667,0,0,18.82476011,14.11857008,0,"Labadie","Estimated","Celtic Voyager"
2021,"CV15015",2015,162,-8.116096718,50.78304024,0,0,22.47817387,16.85863041,0,"Labadie","SHIP","R.V. Madog"
2021,"CV15015",2015,163,-8.518080173,50.696124,0.101199384,0.07784568,184.4543499,138.3407624,14,"Labadie","USBL","R.V. Madog"
2021,"CV15015",2015,164,-8.356885924,50.69688109,0.619937262,0.476874817,217.2262822,162.9197116,101,"Labadie","USBL","R.V. Madog"
2021,"CV15015",2015,165,-8.201030998,50.69854385,0,0,208.5748212,156.4311159,0,"Labadie","SHIP","R.V. Madog"
2021,"CV15015",2015,166,-8.046907159,50.69843523,0.507877517,0.390675013,229.7141787,172.285634,87.5,"Labadie","SHIP","R.V. Madog"
2021,"CV15015",2015,171,-7.257494792,50.69635532,0.1944404,0.149569538,188.5753514,141.4315136,27.5,"Labadie","SHIP","R.V. Madog"
2021,"CV15015",2015,173,-8.283199047,50.60720253,0.514288845,0.395606804,197.9000298,148.4250224,76.33333333,"Labadie","SHIP","R.V. Madog"
2021,"CV15015",2015,174,-7.973050495,50.6097539,0.474348911,0.364883778,211.5180006,158.6385005,75.25,"Labadie","SHIP","R.V. Madog"
2021,"CV15015",2015,179,-7.180222834,50.60721391,0.35185058,0.270654293,219.7902679,164.842701,58,"Labadie","SHIP","R.V. Madog"
2021,"CV15015",2015,181,-8.518915414,50.52344642,0.54507405,0.419287731,214.0381967,160.5286475,87.5,"Labadie","SHIP","R.V. Madog"
2021,"CV15015",2015,182,-8.362101153,50.52142926,0.515799909,0.396769161,180.9487199,135.71154,70,"Labadie","SHIP","R.V. Madog"
2021,"CV15015",2015,184,-7.894799682,50.52323114,0.366834653,0.282180502,208.9951591,156.7463693,57.5,"Labadie","SHIP","R.V. Madog"
2021,"CV15015",2015,185,-7.735344126,50.5222773,0.393900447,0.303000344,212.1235356,159.0926517,62.66666667,"Labadie","SHIP","R.V. Madog"
2021,"CV15015",2015,186,-7.575474051,50.52320313,0.059567832,0.045821409,201.4510126,151.0882594,9,"Labadie","SHIP","R.V. Madog"
2021,"CV15015",2015,187,-7.433280573,50.53807602,0.41858818,0.321990907,244.2071401,183.155355,76.66666667,"Labadie","SHIP","R.V. Madog"
2021,"CV15015",2015,188,-7.257970051,50.52355815,0.239268309,0.184052545,206.1841518,154.6381139,37,"Labadie","SHIP","R.V. Madog"
2021,"CV15015",2015,190,-8.758768257,50.43802975,0.071055117,0.054657782,225.1773086,168.8829815,12,"Labadie","SHIP","R.V. Madog"
2021,"CV15015",2015,191,-8.597866301,50.43740327,0.431019469,0.331553438,185.606465,139.2048487,60,"Labadie","SHIP","R.V. Madog"
2021,"CV15015",2015,197,-8.991278016,50.35031024,0.086584381,0.06660337,184.7908346,138.5931259,12,"Labadie","SHIP","R.V. Madog"
2021,"CV15015",2015,198,-8.840036052,50.35019674,0.542967081,0.417666986,272.5763772,204.4322829,111,"Labadie","USBL","R.V. Madog"
2021,"CV15015",2015,199,-8.682349115,50.35089604,0.11115834,0.085506415,197.9158737,148.4369053,16.5,"Labadie","SHIP","R.V. Madog"
2021,"CV15015",2015,204,-9.230825882,50.26234406,0.394143511,0.303187316,135.314503,101.4858772,40,"Labadie","USBL","R.V. Madog"
2021,"CV15015",2015,205,-9.074913206,50.2626867,0.254990848,0.196146806,193.4709961,145.103247,37,"Labadie","SHIP","R.V. Madog"
2021,"CV15015",2015,206,-8.91862656,50.26289058,0.398425373,0.306481056,115.4544943,86.59087072,34.5,"Labadie","USBL","R.V. Madog"
2021,"CV15015",2015,207,-8.764074454,50.26137019,0.521771458,0.40136266,231.2634483,173.4475862,90.5,"Labadie","SHIP","R.V. Madog"
2021,"CV15020",2015,158,-7.95526033,50.95243044,0,0,213.0924073,159.8193055,0,"Labadie","USBL","R.V. Celtic Voyager"
2021,"CV15020",2015,159,-8.040678218,50.86790913,0.284363105,0.21874085,182.864792,137.148594,39,"Labadie","USBL","R.V. Celtic Voyager"
2021,"CV15020",2015,160,-7.885723995,50.86878908,0.324638813,0.249722164,203.3028626,152.477147,49.5,"Labadie","USBL","R.V. Celtic Voyager"
2021,"CV15020",2015,161,-7.729780639,50.86935523,0.020561184,0.015816295,194.5413277,145.9059958,3,"Labadie","USBL","R.V. Celtic Voyager"
2021,"CV15020",2015,167,-7.886074697,50.69269656,0.223608913,0.172006856,205.7163079,154.2872309,34.5,"Labadie","USBL","R.V. Celtic Voyager"
2021,"CV15020",2015,168,-7.72315782,50.69483593,0.307749896,0.236730689,197.1297715,147.8473287,45.5,"Labadie","USBL","R.V. Celtic Voyager"
2021,"CV15020",2015,169,-7.557919174,50.69658987,0.277703029,0.213617715,194.4523261,145.8392446,40.5,"Labadie","USBL","R.V. Celtic Voyager"
2021,"CV15020",2015,170,-7.407548596,50.69662581,0.488622125,0.375863173,177.3695096,133.0271322,65,"Labadie","USBL","R.V. Celtic Voyager"
2021,"CV15020",2015,172,-7.087398643,50.69706176,0.003609055,0.002776196,184.7205414,138.540406,0.5,"Labadie","USBL","R.V. Celtic Voyager"
2021,"CV15020",2015,175,-7.817864548,50.60518521,0.385024488,0.296172683,237.2143493,177.9107619,68.5,"Labadie","USBL","R.V. Celtic Voyager"
2021,"CV15020",2015,176,-7.656367565,50.60693584,0.446760715,0.343662088,152.2067579,114.1550684,51,"Labadie","USBL","R.V. Celtic Voyager"
2021,"CV15020",2015,177,-7.503358636,50.60667051,0.248021786,0.190785989,123.6450522,92.73378914,23,"Labadie","USBL","R.V. Celtic Voyager"
2021,"CV15020",2015,178,-7.340596099,50.60786305,0.271755321,0.209042554,139.8316688,104.8737516,28.5,"Labadie","USBL","R.V. Celtic Voyager"
2021,"CV15020",2015,180,-7.017554348,50.61009064,0.227690571,0.175146593,181.5329163,136.1496873,31,"Labadie","USBL","R.V. Celtic Voyager"
2021,"CV15020",2015,183,-8.04961253,50.52426415,0.296113458,0.227779583,173.3569749,130.0177311,38.5,"Labadie","USBL","R.V. Celtic Voyager"
2021,"CV15020",2015,189,-7.108766964,50.522092,0.200457718,0.154198245,179.5889943,134.6917457,27,"Labadie","USBL","R.V. Celtic Voyager"
2021,"CV15020",2015,192,-8.283734711,50.4387926,0.419544073,0.32272621,209.7515034,157.3136275,66,"Labadie","USBL","R.V. Celtic Voyager"
2021,"CV15020",2015,193,-8.131018444,50.43676801,0.204752616,0.157502012,205.1255843,153.8441882,31.5,"Labadie","USBL","R.V. Celtic Voyager"
2021,"CV15020",2015,194,-7.952093756,50.4358377,0.2827137,0.217472077,143.8439904,107.8829928,30.5,"Labadie","USBL","R.V. Celtic Voyager"
2021,"CV15020",2015,195,-7.197406235,50.43501999,0.003570883,0.002746833,186.695168,140.021376,0.5,"Labadie","USBL","R.V. Celtic Voyager"
2021,"CV15020",2015,196,-7.043078552,50.43462546,0.150021841,0.115401416,213.3022749,159.9767061,24,"Labadie","USBL","R.V. Celtic Voyager"
2021,"CV15020",2015,200,-8.523273015,50.34945398,0,0,232.2501788,174.1876341,0,"Labadie","USBL","R.V. Celtic Voyager"
2021,"CV15020",2015,201,-8.36440961,50.35252606,0.146942077,0.113032367,199.6251447,149.7188585,22,"Labadie","USBL","R.V. Celtic Voyager"
2021,"CV15020",2015,202,-8.205363781,50.35062508,0.099831418,0.076793399,180.3039593,135.2279695,13.5,"Labadie","USBL","R.V. Celtic Voyager"
2021,"CV15020",2015,203,-8.059282642,50.34637915,0.215983614,0.166141242,188.2858882,141.2144162,30.5,"Labadie","USBL","R.V. Celtic Voyager"
2021,"CV15020",2015,208,-8.447164217,50.2607502,0.170488448,0.13114496,246.3510018,184.7632514,31.5,"Labadie","USBL","R.V. Celtic Voyager"
2021,"CV15020",2015,209,-8.293468368,50.26260932,0.010199511,0.007845778,261.4504483,196.0878362,2,"Labadie","USBL","R.V. Celtic Voyager"
2021,"CV15020",2015,210,-8.140543664,50.25896629,0.196069948,0.150823037,214.2092681,160.6569511,31.5,"Labadie","USBL","R.V. Celtic Voyager"
2021,"CV15020",2015,211,-8.839004112,50.17635098,0.174482752,0.134217502,233.069837,174.8023778,30.5,"Labadie","USBL","R.V. Celtic Voyager"
2021,"CV15020",2015,212,-8.529698476,50.17957235,0.104902656,0.080694351,228.7835303,171.5876477,18,"Labadie","USBL","R.V. Celtic Voyager"
2021,"CV15020",2015,213,-8.221143746,50.1748963,0.211547852,0.162729117,198.5366411,148.9024809,31.5,"Labadie","USBL","R.V. Celtic Voyager"
2021,"CV15020",2015,214,-8.06173893,50.17261627,0.157710088,0.121315452,194.4496204,145.8372153,23,"Labadie","USBL","R.V. Celtic Voyager"
2021,"CV15020",2015,215,-9.0664424,50.08921546,0.085099459,0.065461122,203.6832374,152.762428,13,"Labadie","USBL","R.V. Celtic Voyager"
2021,"CV15020",2015,216,-8.912503732,50.08923316,0.159517058,0.12270543,200.6055046,150.4541284,24,"Labadie","USBL","R.V. Celtic Voyager"
2021,"CV15020",2015,217,-8.454031279,50.09374777,0.232189681,0.178607447,200.9851014,150.738826,35,"Labadie","USBL","R.V. Celtic Voyager"
2021,"CV15020",2015,218,-8.297461011,50.0928967,0.211178446,0.162444958,249.3941389,187.0456042,39.5,"Labadie","USBL","R.V. Celtic Voyager"
2021,"CV15020",2015,219,-8.145019495,50.09109464,0.273580464,0.21044651,255.8662233,191.8996675,52.5,"Labadie","USBL","R.V. Celtic Voyager"
2021,"CV15020",2015,220,-7.990318009,50.090127,0.134767293,0.103667149,242.393135,181.7948513,24.5,"Labadie","USBL","R.V. Celtic Voyager"
2021,"CV15020",2015,221,-7.83325717,50.08965827,0,0,214.5550307,160.916273,0,"Labadie","USBL","R.V. Celtic Voyager"
2021,"CV15020",2015,222,-7.518623123,50.08765821,0,0,235.1382892,176.3537169,0,"Labadie","USBL","R.V. Celtic Voyager"
2021,"CV15020",2015,223,-9.009525961,50.00022847,0.065271145,0.050208573,163.4208608,122.5656456,8,"Labadie","USBL","R.V. Celtic Voyager"
2021,"CV15020",2015,224,-8.856721751,50.00254887,0.068540725,0.052723635,155.6252373,116.718928,8,"Labadie","USBL","R.V. Celtic Voyager"
2021,"CV15020",2015,225,-8.53630876,50.00307746,0.521416866,0.401089897,167.9185338,125.9389003,65.66666667,"Labadie","USBL","R.V. Celtic Voyager"
2021,"CV15020",2015,226,-8.378672784,50.00351285,0.315271985,0.242516911,287.5823768,215.6867826,68,"Labadie","USBL","R.V. Celtic Voyager"
2021,"CV15020",2015,227,-8.220070008,50.00630265,0.24656051,0.189661931,229.8286398,172.3714798,42.5,"Labadie","USBL","R.V. Celtic Voyager"
2021,"CV15020",2015,228,-8.073996879,50.00100351,0.354343348,0.272571806,190.0228512,142.5171384,50.5,"Labadie","USBL","R.V. Celtic Voyager"
2021,"CV15020",2015,229,-7.909239994,50.00473033,0.343755513,0.264427318,230.7841777,173.0881332,59.5,"Labadie","USBL","R.V. Celtic Voyager"
2021,"CV15020",2015,230,-7.756523622,50.00287108,0.331444245,0.254957111,205.1627117,153.8720338,51,"Labadie","USBL","R.V. Celtic Voyager"
2021,"CV15020",2015,231,-7.600147869,49.99983053,0.35971009,0.276700069,233.5213896,175.1410422,63,"Labadie","USBL","R.V. Celtic Voyager"
2021,"CV15020",2015,232,-7.447242408,50.00211073,0.336222025,0.258632327,261.7318124,196.2988593,66,"Labadie","USBL","R.V. Celtic Voyager"
2021,"CV15020",2015,233,-7.286055463,50.00093726,0.239605392,0.18431184,250.4117267,187.808795,45,"Labadie","USBL","R.V. Celtic Voyager"
2021,"CV15020",2015,234,-8.775398759,49.91082619,0.193940544,0.149185034,147.8116232,110.8587174,21.5,"Labadie","USBL","R.V. Celtic Voyager"
2021,"CV15020",2015,235,-8.304904721,49.91583197,0.488378702,0.375675925,215.6796208,161.7597156,79,"Labadie","USBL","R.V. Celtic Voyager"
2021,"CV15020",2015,236,-8.145805777,49.91819857,0.243648685,0.187422065,243.5200232,182.6400174,44.5,"Labadie","USBL","R.V. Celtic Voyager"
2021,"CV15020",2015,237,-7.988555669,49.91788495,0.435806564,0.335235819,211.1028321,158.3271241,69,"Labadie","USBL","R.V. Celtic Voyager"
2021,"CV15020",2015,238,-7.837557187,49.91799856,0.298738496,0.229798843,220.9290098,165.6967573,49.5,"Labadie","USBL","R.V. Celtic Voyager"
2021,"CV15020",2015,239,-7.685249376,49.91720099,0.233372253,0.179517118,294.2366358,220.6774769,51.5,"Labadie","USBL","R.V. Celtic Voyager"
2021,"CV15020",2015,240,-7.520354883,49.91520411,0.130415743,0.100319803,230.0335773,172.525183,22.5,"Labadie","USBL","R.V. Celtic Voyager"
2021,"CV15020",2015,241,-7.364648919,49.91435487,0.430213614,0.330933549,268.600416,201.450312,86.66666667,"Labadie","USBL","R.V. Celtic Voyager"
2021,"CV15020",2015,242,-8.380586839,49.83095507,0.536146234,0.41242018,177.8121851,133.3591388,71.5,"Labadie","USBL","R.V. Celtic Voyager"
2021,"CV15020",2015,243,-8.224441053,49.83085381,0.52084133,0.400647177,213.7567183,160.3175387,83.5,"Labadie","USBL","R.V. Celtic Voyager"
2021,"CV15020",2015,244,-8.073467447,49.82810958,0.297966467,0.229204975,221.5014346,166.1260759,49.5,"Labadie","USBL","R.V. Celtic Voyager"
2021,"CV15020",2015,245,-7.917132761,49.82605644,0.003305976,0.002543059,201.6549954,151.2412465,0.5,"Labadie","USBL","R.V. Celtic Voyager"
2021,"CV15020",2015,246,-7.763274979,49.82724583,0.121318943,0.093322264,159.359559,119.5196693,14.5,"Labadie","USBL","R.V. Celtic Voyager"
2021,"CV15020",2015,247,-7.611573602,49.82954302,0.150838897,0.116029921,318.2203055,238.6652292,36,"Labadie","USBL","R.V. Celtic Voyager"
2021,"CV15020",2015,248,-7.455354509,49.83218621,0.292067253,0.224667117,287.6049926,215.7037444,63,"Labadie","USBL","R.V. Celtic Voyager"
2021,"CV15020",2015,249,-7.289101462,49.82470133,0.255616732,0.196628255,318.1847005,238.6385254,61,"Labadie","USBL","R.V. Celtic Voyager"
2021,"CV15020",2015,250,-8.149684753,49.74594914,0.110268349,0.084821807,217.650852,163.238139,18,"Labadie","USBL","R.V. Celtic Voyager"
2021,"CV15020",2015,251,-7.998264754,49.74027601,0.02918297,0.022448438,205.5993622,154.1995216,4.5,"Labadie","USBL","R.V. Celtic Voyager"
2021,"CV15020",2015,252,-7.84304744,49.74020729,0.258476264,0.198827896,180.545269,135.4089518,35,"Labadie","USBL","R.V. Celtic Voyager"
2021,"CV15020",2015,253,-7.539512213,49.74321831,0.220847436,0.169882643,376.3281684,282.2461263,62.33333333,"Labadie","USBL","R.V. Celtic Voyager"
2021,"CV13019",2013,1,-8.174175072,50.89757967,0.110424512,0.084941932,253.5668901,190.1751676,21,"Labadie","USBL","Celtic Voyager"
2021,"CV13019",2013,2,-8.025724764,50.89988702,0,0,128.1560709,96.11705321,0,"Labadie","USBL","Celtic Voyager"
2021,"CV13019",2013,3,-7.865026857,50.90077524,0.032336095,0.024873919,123.7007744,92.77558083,3,"Labadie","USBL","Celtic Voyager"
2021,"CV13019",2013,4,-7.700678669,50.90082949,0,0,190.3816916,142.7862687,0,"Labadie","USBL","Celtic Voyager"
2021,"CV13019",2013,5,-8.103734683,50.81189823,0,0,204.90045,153.6753375,0,"Labadie","USBL","Celtic Voyager"
2021,"CV13019",2013,6,-7.942278497,50.81626034,0.182231668,0.140178206,182.9173478,137.1880109,25,"Labadie","USBL","Celtic Voyager"
2021,"CV13019",2013,7,-8.658707217,50.72890716,0.068698716,0.052845166,223.1967969,167.3975977,11.5,"Labadie","USBL","Celtic Voyager"
2021,"CV13019",2013,8,-8.49653901,50.72749138,0.296510817,0.228085244,150.6409349,112.9807011,33.5,"Labadie","USBL","Celtic Voyager"
2021,"CV13019",2013,9,-8.343559973,50.72970845,0.024593141,0.018917801,162.6469735,121.9852301,3,"Labadie","USBL","Celtic Voyager"
2021,"CV13019",2013,10,-8.177092694,50.72748273,0,0,128.7803143,96.5852357,0,"Labadie","USBL","Celtic Voyager"
2021,"CV13019",2013,11,-8.026374466,50.72899662,0,0,147.0940183,110.3205137,0,"Labadie","USBL","Celtic Voyager"
2021,"CV13019",2013,12,-7.865924927,50.73049671,0,0,244.7218127,183.5413595,0,"Labadie","USBL","Celtic Voyager"
2021,"CV13019",2013,13,-7.70769108,50.72974463,0.285171485,0.219362681,154.2931262,115.7198447,33,"Labadie","USBL","Celtic Voyager"
2021,"CV13019",2013,14,-7.549157151,50.73062147,0.135495513,0.104227317,196.8084858,147.6063644,20,"Labadie","USBL","Celtic Voyager"
2021,"CV13019",2013,15,-7.396836371,50.72971969,0.187217802,0.144013694,238.5813006,178.9359755,33.5,"Labadie","USBL","Celtic Voyager"
2021,"CV13019",2013,16,-8.262458369,50.64105356,0.216486628,0.166528175,215.563738,161.6728035,35,"Labadie","USBL","Celtic Voyager"
2021,"CV13019",2013,17,-8.115017363,50.6410641,0.268597573,0.206613517,176.2239803,132.1679852,35.5,"Labadie","USBL","Celtic Voyager"
2021,"CV13019",2013,18,-7.947902696,50.63952443,0.240428006,0.18494462,199.6439629,149.7329722,36,"Labadie","USBL","Celtic Voyager"
2021,"CV13019",2013,19,-7.786914326,50.63979178,0.213326137,0.164097028,209.3820632,157.0365474,33.5,"Labadie","USBL","Celtic Voyager"
2021,"CV13019",2013,20,-7.628553577,50.63987817,0.180763228,0.139048637,169.6510234,127.2382676,23,"Labadie","USBL","Celtic Voyager"
2021,"CV13019",2013,21,-7.472004141,50.64053592,0.120037684,0.09233668,216.5986474,162.4489856,19.5,"Labadie","USBL","Celtic Voyager"
2021,"CV13019",2013,22,-7.312621958,50.64116823,0.162311645,0.124855111,164.2929979,123.2197484,20,"Labadie","USBL","Celtic Voyager"
2021,"CV13019",2013,23,-7.151987215,50.64115335,0.14449104,0.111146954,170.7141612,128.0356209,18.5,"Labadie","USBL","Celtic Voyager"
2021,"CV13019",2013,24,-8.497126911,50.55428871,0.002539732,0.00195364,262.4948365,196.8711274,0.5,"Labadie","USBL","Celtic Voyager"
2021,"CV13019",2013,25,-8.348681547,50.55411257,0.374881616,0.288370474,224.0707371,168.0530528,63,"Labadie","USBL","Celtic Voyager"
2021,"CV13019",2013,26,-8.029985992,50.55355237,0.399969786,0.307669066,235.0177523,176.2633142,70.5,"Labadie","USBL","Celtic Voyager"
2021,"CV13019",2013,27,-7.873756668,50.55077259,0.316425685,0.243404373,164.3355847,123.2516885,39,"Labadie","USBL","Celtic Voyager"
2021,"CV13019",2013,28,-7.720774606,50.55271461,0.245003986,0.188464605,136.0522084,102.0391563,25,"Labadie","USBL","Celtic Voyager"
2021,"CV13019",2013,29,-7.56551101,50.5544747,0.532064351,0.40928027,140.3339024,105.2504268,56,"Labadie","USBL","Celtic Voyager"
2021,"CV13019",2013,30,-7.383531698,50.55632887,0.344230975,0.264793058,193.6684131,145.2513098,50,"Labadie","USBL","Celtic Voyager"
2021,"CV13019",2013,31,-7.247653374,50.55423234,0.170081591,0.130831993,180.3056194,135.2292145,23,"Labadie","USBL","Celtic Voyager"
2021,"CV13019",2013,32,-7.083730211,50.55456513,0.152124932,0.117019178,175.2945188,131.4708891,20,"Labadie","USBL","Celtic Voyager"
2021,"CV13019",2013,33,-8.587508399,50.46639812,0.25327788,0.194829138,202.6759436,152.0069577,38.5,"Labadie","USBL","Celtic Voyager"
2021,"CV13019",2013,34,-8.271562514,50.46850237,0,0,343.602519,257.7018892,0,"Labadie","USBL","Celtic Voyager"
2021,"CV13019",2013,35,-8.11307231,50.46771379,0.331198172,0.254767825,193.2377814,144.928336,48,"Labadie","USBL","Celtic Voyager"
2021,"CV13019",2013,36,-7.958622933,50.46736182,0.428188834,0.329376026,171.2640019,128.4480014,55,"Labadie","USBL","Celtic Voyager"
2021,"CV13019",2013,37,-7.173355351,50.46819045,0.147979971,0.113830747,189.2147961,141.9110971,21,"Labadie","USBL","Celtic Voyager"
2021,"CV13019",2013,38,-7.012180758,50.46807383,0.248418667,0.191091282,187.8549115,140.8911837,35,"Labadie","USBL","Celtic Voyager"
2021,"CV13019",2013,39,-8.973693877,50.38060105,0.014640081,0.011261601,182.1483549,136.6112662,2,"Labadie","USBL","Celtic Voyager"
2021,"CV13019",2013,40,-8.835959814,50.38086463,0.155310376,0.11946952,141.651837,106.2388777,16.5,"Labadie","USBL","Celtic Voyager"
2021,"CV13019",2013,41,-8.665281346,50.38290217,0.279441026,0.214954636,186.0857752,139.5643314,39,"Labadie","USBL","Celtic Voyager"
2021,"CV13019",2013,42,-8.352508837,50.38294144,0.282629009,0.21740693,214.651238,160.9884285,45.5,"Labadie","USBL","Celtic Voyager"
2021,"CV13019",2013,43,-8.195258518,50.38183901,0.306528612,0.23579124,191.3905078,143.5428808,44,"Labadie","USBL","Celtic Voyager"
2021,"CV13019",2013,44,-8.039978213,50.38115455,0.312178223,0.240137095,196.4689679,147.3517259,46,"Labadie","USBL","Celtic Voyager"
2021,"CV13019",2013,45,-9.202911513,50.29358775,0.27985845,0.215275731,176.2795919,132.2096939,37,"Labadie","USBL","Celtic Voyager"
2021,"CV13019",2013,46,-8.902372561,50.29242527,0.147070469,0.11313113,208.5168209,156.3876157,23,"Labadie","USBL","Celtic Voyager"
2021,"CV13019",2013,47,-8.434772143,50.2938804,0,0,211.1234449,158.3425837,0,"Labadie","USBL","Celtic Voyager"
2021,"CV13019",2013,48,-8.273483597,50.29498495,0.26826314,0.206356261,168.9883053,126.741229,34,"Labadie","USBL","Celtic Voyager"
2021,"CV13019",2013,49,-8.125053976,50.29475804,0.474164421,0.364741862,182.7776672,137.0832504,65,"Labadie","USBL","Celtic Voyager"
2021,"CV13019",2013,52,-8.50995562,50.20757419,0.310421049,0.238785422,253.419241,190.0644307,59,"Labadie","SHIP","Celtic Voyager"
2021,"CV13019",2013,53,-8.200527695,50.20544523,0.218214387,0.167857221,333.0058463,249.7543847,54.5,"Labadie","USBL","Celtic Voyager"
2021,"CV13019",2013,56,-8.582065435,50.12349224,0.323474935,0.248826873,247.3143707,185.4857781,60,"Labadie","USBL","Celtic Voyager"
2021,"CV13019",2013,57,-8.435259914,50.12051726,0.222982762,0.171525201,218.2530446,163.6897834,36.5,"Labadie","USBL","Celtic Voyager"
2021,"CV13019",2013,58,-8.284550647,50.11916278,0.43561224,0.335086338,131.6155243,98.71164321,43,"Labadie","USBL","Celtic Voyager"
2021,"CV13019",2013,59,-8.125923585,50.12207596,0.507983803,0.390756772,135.1749135,101.3811851,51.5,"Labadie","USBL","Celtic Voyager"
2021,"CV16024",2016,161,-8.335467802,50.8305848,0,0,871.5806068,653.6854551,0,"Labadie","USBL","R.V. Celtic Voyager"
2021,"CV16024",2016,164,-8.573803503,50.74896545,0.231971359,0.178439507,212.6699325,159.5024494,37,"Labadie","USBL","R.V. Celtic Voyager"
2021,"CV16024",2016,165,-8.41382776,50.7432508,0.242563503,0.18658731,230.8673784,173.1505338,42,"Labadie","USBL","R.V. Celtic Voyager"
2021,"CV16024",2016,166,-8.258481448,50.74529166,0.304523519,0.234248861,229.8673032,172.4004774,52.5,"Labadie","USBL","R.V. Celtic Voyager"
2021,"CV16024",2016,167,-8.10826055,50.74615383,0.096068042,0.073898494,201.2462521,150.9346891,14.5,"Labadie","USBL","R.V. Celtic Voyager"
2021,"CV16024",2016,172,-8.64508088,50.66832857,0.143137217,0.110105552,223.561703,167.6712772,24,"Labadie","USBL","R.V. Celtic Voyager"
2021,"CV16024",2016,173,-8.188650905,50.65439229,0.121552289,0.093501761,197.4458908,148.0844181,18,"Labadie","USBL","R.V. Celtic Voyager"
2021,"CV16024",2016,180,-8.427304928,50.57579239,0.11596497,0.089203823,270.196537,202.6474028,23.5,"Labadie","USBL","R.V. Celtic Voyager"
2021,"CV16024",2016,181,-8.265593101,50.57120864,0.109162732,0.083971332,195.4268909,146.5701682,16,"Labadie","USBL","R.V. Celtic Voyager"
2021,"CV16024",2016,189,-8.503874182,50.48476257,0.269951955,0.20765535,222.2617726,166.6963295,45,"Labadie","USBL","R.V. Celtic Voyager"
2021,"CV16024",2016,190,-8.176516248,50.47840392,0.001983113,0.001525472,336.1717592,252.1288194,0.5,"Labadie","USBL","R.V. Celtic Voyager"
2021,"CV16024",2016,191,-8.027667499,50.4827448,0.175272745,0.134825189,197.7869782,148.3402336,26,"Labadie","USBL","R.V. Celtic Voyager"
2021,"CV16024",2016,192,-7.883836816,50.48620164,0.187021329,0.143862561,270.9138412,203.1853809,38,"Labadie","USBL","R.V. Celtic Voyager"
2021,"CV16024",2016,194,-8.742943202,50.39595759,0.01054809,0.008113915,252.8103921,189.6077941,2,"Labadie","USBL","R.V. Celtic Voyager"
2021,"CV16024",2016,195,-8.588314724,50.39742821,0.264970952,0.203823809,284.3078944,213.2309208,56.5,"Labadie","USBL","R.V. Celtic Voyager"
2021,"CV16024",2016,196,-8.425574216,50.39621578,0.108208729,0.083237484,190.988905,143.2416787,15.5,"Labadie","USBL","R.V. Celtic Voyager"
2021,"CV16024",2016,197,-8.272817934,50.39952928,0.23021233,0.177086407,254.8372052,191.1279039,44,"Labadie","USBL","R.V. Celtic Voyager"
2021,"CV16024",2016,198,-8.113727171,50.39705107,0.212708147,0.163621651,241.3322391,180.9991793,38.5,"Labadie","USBL","R.V. Celtic Voyager"
2021,"CV16024",2016,199,-7.970113447,50.40118567,0.095221257,0.073247121,252.0445617,189.0334213,18,"Labadie","USBL","R.V. Celtic Voyager"
2021,"CV16024",2016,202,-9.129182152,50.31060581,0.110527232,0.085020948,229.2044491,171.9033368,19,"Labadie","USBL","R.V. Celtic Voyager"
2021,"CV16024",2016,203,-8.972991782,50.31088966,0.103517656,0.079628967,225.4043815,169.0532861,17.5,"Labadie","USBL","R.V. Celtic Voyager"
2021,"CV16024",2016,204,-8.816307314,50.31089132,0.068052785,0.052348296,186.1300255,139.5975192,9.5,"Labadie","USBL","R.V. Celtic Voyager"
2021,"CV16024",2016,205,-8.670439632,50.3140253,0.176126573,0.135481979,246.0351815,184.5263861,32.5,"Labadie","USBL","R.V. Celtic Voyager"
2021,"CV16024",2016,206,-8.352834803,50.31146956,0.286959247,0.220737882,204.442503,153.3318773,44,"Labadie","USBL","R.V. Celtic Voyager"
2021,"CV16024",2016,207,-8.200311793,50.31163898,0.201397832,0.154921409,254.8852334,191.163925,38.5,"Labadie","USBL","R.V. Celtic Voyager"
2021,"CV16024",2016,208,-9.059351399,50.2270284,0.203285002,0.156373078,262.3574435,196.7680826,40,"Labadie","USBL","R.V. Celtic Voyager"
2021,"CV16024",2016,209,-8.742325252,50.22756901,0.335679034,0.258214641,204.5604873,153.4203655,51.5,"Labadie","USBL","R.V. Celtic Voyager"
2021,"CV16024",2016,210,-8.428714984,50.22234478,0.428401576,0.329539674,192.9653655,144.7240241,62,"Labadie","USBL","R.V. Celtic Voyager"
2021,"CV16024",2016,211,-8.276416947,50.22246799,0.319601649,0.245847422,196.0774198,147.0580649,47,"Labadie","USBL","R.V. Celtic Voyager"
2021,"CV16024",2016,212,-8.137127796,50.22609467,0.341255799,0.262504461,210.9854256,158.2390692,54,"Labadie","USBL","R.V. Celtic Voyager"
2021,"CV16024",2016,213,-8.979623781,50.13786765,0.014096825,0.010843712,236.4598623,177.3448967,2.5,"Labadie","USBL","R.V. Celtic Voyager"
2021,"CV16024",2016,214,-8.826989812,50.13533589,0.553555677,0.425812059,263.7494404,197.8120803,109.5,"Labadie","USBL","R.V. Celtic Voyager"
2021,"CV16024",2016,215,-8.674617433,50.13475778,0.133708522,0.102852709,229.3546157,172.0159618,23,"Labadie","USBL","R.V. Celtic Voyager"
2021,"CV16024",2016,216,-8.506805005,50.13664435,0.011677564,0.008982742,228.3581211,171.2685908,2,"Labadie","USBL","R.V. Celtic Voyager"
2021,"CV16024",2016,217,-8.350128365,50.13652589,0.31840331,0.244925623,224.0345221,168.0258916,53.5,"Labadie","USBL","R.V. Celtic Voyager"
2021,"CV16024",2016,218,-8.208316643,50.13908024,0.453359757,0.348738275,230.868896,173.151672,78.5,"Labadie","USBL","R.V. Celtic Voyager"
2021,"CV16024",2016,222,-8.444617017,50.05069583,0.288770667,0.222131282,242.4068926,181.8051695,52.5,"Labadie","USBL","R.V. Celtic Voyager"
2021,"CV16024",2016,223,-8.269144041,50.05124292,0.380559492,0.292738071,238.2457109,178.6842832,68,"Labadie","USBL","R.V. Celtic Voyager"
2021,"CV16024",2016,224,-8.121525241,50.0497614,0.499893046,0.384533112,250.720298,188.0402235,94,"Labadie","USBL","R.V. Celtic Voyager"
2021,"CV16024",2016,229,-8.822854326,49.96519211,0.4152726,0.319440461,248.8325341,186.6244006,77.5,"Labadie","USBL","R.V. Celtic Voyager"
2021,"CV16024",2016,230,-8.672100982,49.964234,0.051089088,0.039299298,300.1293226,225.0969919,11.5,"Labadie","USBL","R.V. Celtic Voyager"
2021,"CV16024",2016,231,-8.523587136,49.9650257,0.379536435,0.291951104,252.9401425,189.7051069,72,"Labadie","USBL","R.V. Celtic Voyager"
2021,"CV16024",2016,232,-8.365622632,49.96550489,0.60024519,0.46172707,265.4470804,199.0853103,119.5,"Labadie","USBL","R.V. Celtic Voyager"
2021,"CV16024",2016,233,-8.209349694,49.96512477,0.425875055,0.327596196,241.0722708,180.8042031,77,"Labadie","USBL","R.V. Celtic Voyager"
2021,"CV16024",2016,234,-8.047191752,49.9646172,0.106018728,0.081552868,270.3924793,202.7943595,21.5,"Labadie","USBL","R.V. Celtic Voyager"
2021,"CV16024",2016,239,-8.288998722,49.87821321,0.512705809,0.394389084,239.2535142,179.4401357,92,"Labadie","USBL","R.V. Celtic Voyager"
2021,"CV16024",2016,240,-8.124048172,49.87655709,0.316521662,0.243478202,256.9597695,192.7198271,61,"Labadie","USBL","R.V. Celtic Voyager"
2021,"CV16024",2016,241,-7.978555031,49.87813925,0,0,229.5831777,172.1873833,0,"Labadie","USBL","R.V. Celtic Voyager"
2021,"CV16024",2016,245,-8.362452914,49.79031908,0.410296315,0.31561255,116.9886208,87.74146558,36,"Labadie","USBL","R.V. Celtic Voyager"
2021,"CV16024",2016,246,-8.215183769,49.79399844,0.47832871,0.367945161,181.1864203,135.8898152,65,"Labadie","USBL","R.V. Celtic Voyager"
2021,"CV16028",2016,157,-8.093008121,50.9148364,0.057120066,0.043938512,175.0698264,131.3023698,7.5,"Labadie","USBL","R.V. Celtic Voyager"
2021,"CV16028",2016,158,-7.935206073,50.91899258,0,0,222.3466285,166.7599713,0,"Labadie","USBL","R.V. Celtic Voyager"
2021,"CV16028",2016,159,-7.778291969,50.92081132,0,0,178.2934129,133.7200597,0,"Labadie","USBL","R.V. Celtic Voyager"
2021,"CV16028",2016,160,-7.617779992,50.91847777,0,0,229.2526561,171.9394921,0,"Labadie","USBL","R.V. Celtic Voyager"
2021,"CV16028",2016,162,-8.02089356,50.83260982,0.335261696,0.257893612,171.0106881,128.2580161,43,"Labadie","USBL","R.V. Celtic Voyager"
2021,"CV16028",2016,163,-7.704216168,50.8328507,0.703286186,0.540989374,170.6275517,127.9706638,90,"Labadie","USBL","R.V. Celtic Voyager"
2021,"CV16028",2016,168,-7.94232521,50.7433016,0,0,194.1267866,145.59509,0,"Labadie","USBL","R.V. Celtic Voyager"
2021,"CV16028",2016,169,-7.788331596,50.7427835,0.345084668,0.265449745,197.0530894,147.7898171,51,"Labadie","USBL","R.V. Celtic Voyager"
2021,"CV16028",2016,170,-7.623636074,50.74449786,0.351251492,0.270193455,153.736002,115.3020015,40.5,"Labadie","USBL","R.V. Celtic Voyager"
2021,"CV16028",2016,171,-7.456812607,50.74209334,1.020644803,0.785111387,159.3763728,119.5322796,122,"Labadie","USBL","R.V. Celtic Voyager"
2021,"CV16028",2016,174,-7.870427705,50.65737147,0.466442323,0.358801787,298.7150316,224.0362737,104.5,"Labadie","USBL","R.V. Celtic Voyager"
2021,"CV16028",2016,175,-7.708236263,50.65811374,0.503964924,0.387665326,164.0325799,123.0244349,62,"Labadie","USBL","R.V. Celtic Voyager"
2021,"CV16028",2016,176,-7.55565056,50.65714601,0.378088557,0.290837351,162.2194913,121.6646185,46,"Labadie","USBL","R.V. Celtic Voyager"
2021,"CV16028",2016,177,-7.394188867,50.65721616,0.504491388,0.388070298,183.6833471,137.7625103,69.5,"Labadie","USBL","R.V. Celtic Voyager"
2021,"CV16028",2016,178,-7.235299318,50.65698887,0.231327992,0.177944609,198.8518538,149.1388903,34.5,"Labadie","USBL","R.V. Celtic Voyager"
2021,"CV16028",2016,179,-7.078273578,50.65516833,0.226182247,0.173986344,182.7434907,137.0576181,31,"Labadie","USBL","R.V. Celtic Voyager"
2021,"CV16028",2016,182,-7.945295361,50.57174103,0.066106078,0.05085083,252.1200331,189.0900248,12.5,"Labadie","USBL","R.V. Celtic Voyager"
2021,"CV16028",2016,183,-7.800511583,50.56952468,0.160300029,0.123307714,212.1022701,159.0767026,25.5,"Labadie","USBL","R.V. Celtic Voyager"
2021,"CV16028",2016,184,-7.644169273,50.56943292,0.491941066,0.378416205,276.4558792,207.3419094,102,"Labadie","USBL","R.V. Celtic Voyager"
2021,"CV16028",2016,185,-7.47861804,50.57016794,0.081165787,0.062435221,221.7683161,166.3262371,13.5,"Labadie","USBL","R.V. Celtic Voyager"
2021,"CV16028",2016,186,-7.313833161,50.57074114,0.318282658,0.244832814,230.4031701,172.8023776,55,"Labadie","USBL","R.V. Celtic Voyager"
2021,"CV16028",2016,187,-7.162798365,50.57238714,0.35794925,0.275345577,165.7590658,124.3192994,44.5,"Labadie","USBL","R.V. Celtic Voyager"
2021,"CV16028",2016,188,-7.003301636,50.56945411,0.181279119,0.139445476,228.0093458,171.0070094,31,"Labadie","USBL","R.V. Celtic Voyager"
2021,"CV16028",2016,193,-7.249980172,50.48591752,0.114898589,0.08838353,191.4731962,143.6048972,16.5,"Labadie","USBL","R.V. Celtic Voyager"
2021,"CV16028",2016,200,-7.17029164,50.39808572,0.049319573,0.037938133,270.3456744,202.7592558,10,"Labadie","USBL","R.V. Celtic Voyager"
2021,"CV16028",2016,201,-7.023506436,50.3941467,0.294574956,0.22659612,251.2094068,188.4070551,55.5,"Labadie","USBL","R.V. Celtic Voyager"
2021,"CV16028",2016,219,-7.728327432,50.13784459,0,0,205.8499475,154.3874606,0,"Labadie","USBL","R.V. Celtic Voyager"
2021,"CV16028",2016,220,-7.419070639,50.13633058,0.037331325,0.028716404,178.5810366,133.9357775,5,"Labadie","USBL","R.V. Celtic Voyager"
2021,"CV16028",2016,221,-7.264513314,50.13998806,0.026579208,0.020445544,250.8226259,188.1169694,5,"Labadie","USBL","R.V. Celtic Voyager"
2021,"CV16028",2016,225,-7.960474185,50.05064823,0.302382767,0.232602128,198.4240064,148.8180048,45,"Labadie","USBL","R.V. Celtic Voyager"
2021,"CV16028",2016,226,-7.807639289,50.0566355,0.452484335,0.348064873,229.8422112,172.3816584,78,"Labadie","USBL","R.V. Celtic Voyager"
2021,"CV16028",2016,227,-7.498336174,50.05352673,0.113896474,0.087612672,199.0111365,149.2583524,17,"Labadie","USBL","R.V. Celtic Voyager"
2021,"CV16028",2016,228,-7.347871675,50.05010138,0.153696206,0.118227851,208.2029272,156.1521954,24,"Labadie","USBL","R.V. Celtic Voyager"
2021,"CV16028",2016,235,-7.886321344,49.96398485,0.353033623,0.271564325,192.6162145,144.4621609,51,"Labadie","USBL","R.V. Celtic Voyager"
2021,"CV16028",2016,236,-7.74291793,49.96547835,0.368677053,0.283597733,216.9920786,162.7440589,60,"Labadie","USBL","R.V. Celtic Voyager"
2021,"CV16028",2016,237,-7.427298588,49.96487408,0.178538514,0.137337318,212.8392312,159.6294234,28.5,"Labadie","USBL","R.V. Celtic Voyager"
2021,"CV16028",2016,238,-7.270542589,49.96376805,0.040260282,0.030969447,215.2659223,161.4494417,6.5,"Labadie","USBL","R.V. Celtic Voyager"
2021,"CV16028",2016,242,-7.818254639,49.87511326,0.351424661,0.270326662,214.3655291,160.7741469,56.5,"Labadie","USBL","R.V. Celtic Voyager"
2021,"CV16028",2016,243,-7.671099932,49.87843478,0.230825473,0.177558057,222.3902439,166.7926829,38.5,"Labadie","USBL","R.V. Celtic Voyager"
2021,"CV16028",2016,244,-7.350558411,49.87747344,0.108990091,0.083838532,207.9699764,155.9774823,17,"Labadie","USBL","R.V. Celtic Voyager"
2021,"CV16028",2016,247,-7.75765824,49.79093326,0.038390508,0.02953116,208.3848459,156.2886344,6,"Labadie","USBL","R.V. Celtic Voyager"
2021,"CV16028",2016,248,-7.596721115,49.79058523,0.239127781,0.183944447,223.0327781,167.2745836,40,"Labadie","USBL","R.V. Celtic Voyager"
2021,"CV16028",2016,249,-7.438819117,49.78693804,0.112602378,0.086617214,213.1393711,159.8545283,18,"Labadie","USBL","R.V. Celtic Voyager"
2021,"CV17018",2017,202,-8.003367,50.845954,0.873678793,0.67206061,156.4266727,117.3200045,102.5,"Labadie","USBL","R.V. Celtic Voyager"
2021,"CV17018",2017,189,-8.172635,50.670217,1.486194228,1.143226329,222.9408022,167.2056016,248.5,"Labadie","USBL","R.V. Celtic Voyager"
2021,"CV17018",2017,179,-8.249387,50.586133,0.992155287,0.763196375,110.8697413,83.15230596,82.5,"Labadie","USBL","R.V. Celtic Voyager"
2021,"CV17018",2017,188,-8.490217,50.679399,0.355706161,0.273620124,151.8106962,113.8580221,40.5,"Labadie","USBL","R.V. Celtic Voyager"
2021,"CV17018",2017,165,-8.332942,50.325881,0.590397201,0.454151693,171.6358634,128.7268976,76,"Labadie","USBL","R.V. Celtic Voyager"
2021,"CV17018",2017,182,-7.619177,50.580096,0.450714331,0.346703332,174.5377532,130.9033149,59,"Labadie","USBL","R.V. Celtic Voyager"
2021,"CV17018",2017,145,-8.09919,50.064699,0.495658235,0.381275565,143.9163687,107.9372765,53.5,"Labadie","USBL","R.V. Celtic Voyager"
2021,"CV17018",2017,198,-8.087042,50.760441,0.85664868,0.658960523,171.2098203,128.4073653,110,"Labadie","USBL","R.V. Celtic Voyager"
2021,"CV17018",2017,172,-7.933235,50.411698,0.30429353,0.234071946,247.567976,185.675982,56.5,"Labadie","USBL","R.V. Celtic Voyager"
2021,"CV17018",2017,143,-8.41219,50.067138,0.77673488,0.59748837,176.8085054,132.6063791,103,"Labadie","USBL","R.V. Celtic Voyager"
2021,"CV17018",2017,177,-7.231519,50.488551,0.63434474,0.487957492,141.8786889,106.4090166,67.5,"Labadie","USBL","R.V. Celtic Voyager"
2021,"CV17018",2017,194,-7.231238,50.663639,0.290742512,0.223648086,165.0945358,123.8209018,36,"Labadie","USBL","R.V. Celtic Voyager"
2021,"CV17018",2017,163,-8.805686,50.331572,0.867878827,0.667599098,155.1675907,116.375693,101,"Labadie","USBL","R.V. Celtic Voyager"
2021,"CV17018",2017,157,-9.031376,50.241921,0.669603793,0.515079841,167.2630906,125.447318,84,"Labadie","USBL","R.V. Celtic Voyager"
2021,"CV17018",2017,120,-8.491238,49.808637,0.111448772,0.085729825,191.4182896,143.5637172,16,"Labadie","USBL","R.V. Celtic Voyager"
2021,"CV17018",2017,130,-7.7926,49.892201,0.763011507,0.586931929,256.003129,192.0023467,146.5,"Labadie","USBL","R.V. Celtic Voyager"
2021,"CV17018",2017,121,-8.33951,49.807024,0.808965541,0.622281185,107.9568028,80.96760208,65.5,"Labadie","USBL","R.V. Celtic Voyager"
2021,"CV17018",2017,204,-7.934322,50.927015,0,0,270.6518958,202.9889218,0,"Labadie","USBL","R.V. Celtic Voyager"
2021,"CV17018",2017,159,-8.411579,50.244991,0.255787429,0.196759561,198.0811442,148.5608582,38,"Labadie","USBL","R.V. Celtic Voyager"
2021,"CV17018",2017,195,-7.077023,50.66077,0.304490813,0.234223702,159.8296717,119.8722537,36.5,"Labadie","USBL","R.V. Celtic Voyager"
2021,"CV17018",2017,148,-7.337162,50.037474,0.610807923,0.469852249,251.0336351,188.2752264,115,"Labadie","USBL","R.V. Celtic Voyager"
2021,"CV17018",2017,193,-7.390229,50.663816,0.466609843,0.358930649,194.3093742,145.7320306,68,"Labadie","USBL","R.V. Celtic Voyager"
2021,"CV17018",2017,168,-8.57111,50.417077,0.91102459,0.700788146,212.2152743,159.1614557,145,"Labadie","USBL","R.V. Celtic Voyager"
2021,"CV17018",2017,164,-8.644246,50.32807,1.437452909,1.105733007,166.4982079,124.8736559,179.5,"Labadie","USBL","R.V. Celtic Voyager"
2021,"CV17018",2017,187,-8.640327,50.675173,1.151487618,0.885759706,200.3205792,150.2404344,173,"Labadie","USBL","R.V. Celtic Voyager"
2021,"CV17018",2017,144,-8.261599,50.070608,0.394541663,0.303493587,177.4210599,133.0657949,52.5,"Labadie","USBL","R.V. Celtic Voyager"
2021,"CV17018",2017,141,-7.410322,49.971244,0.717871919,0.552209168,149.5159937,112.1369953,80.5,"Labadie","USBL","R.V. Celtic Voyager"
2021,"CV17018",2017,173,-7.00878,50.395304,0.498135347,0.383181036,149.8923276,112.4192457,56,"Labadie","SHIP","R.V. Celtic Voyager"
2021,"CV17018",2017,162,-8.960092,50.331057,0.355534012,0.273487701,159.3846575,119.5384931,42.5,"Labadie","USBL","R.V. Celtic Voyager"
2021,"CV17018",2017,167,-8.72272,50.417923,0.920762692,0.708278994,216.487196,162.365397,149.5,"Labadie","USBL","R.V. Celtic Voyager"
2021,"CV17018",2017,127,-8.259571,49.894916,0.750584089,0.577372376,179.4158292,134.5618719,101,"Labadie","USBL","R.V. Celtic Voyager"
2021,"CV17018",2017,151,-8.646121,50.152104,0.016798687,0.012922067,211.6567523,158.7425642,2.666666667,"Labadie","USBL","R.V. Celtic Voyager"
2021,"CV17018",2017,131,-7.642993,49.890974,0.73914153,0.568570408,155.1349261,116.3511946,86,"Labadie","USBL","R.V. Celtic Voyager"
2021,"CV17018",2017,175,-8.015357,50.501982,0.707684614,0.54437278,154.4944331,115.8708248,82,"Labadie","USBL","R.V. Celtic Voyager"
2021,"CV17018",2017,129,-7.947167,49.893046,0,0,195.4472847,146.5854635,0,"Labadie","USBL","R.V. Celtic Voyager"
2021,"CV17018",2017,169,-8.411192,50.412101,0,0,244.9590225,183.7192669,0,"Labadie","USBL","R.V. Celtic Voyager"
2021,"CV17018",2017,197,-8.247057,50.762726,0.379247573,0.291728903,170.5130664,127.8847998,48.5,"Labadie","USBL","R.V. Celtic Voyager"
2021,"CV17018",2017,178,-8.405708,50.583339,1.359593854,1.045841427,193.6852925,145.2639693,197.5,"Labadie","USBL","R.V. Celtic Voyager"
2021,"CV17018",2017,146,-7.948191,50.065956,0.181346584,0.139497372,106.6098567,79.95739253,14.5,"Labadie","USBL","R.V. Celtic Voyager"
2021,"CV17018",2017,174,-8.481078,50.500815,0.706812314,0.54370178,182.0379527,136.5284646,96.5,"Labadie","USBL","R.V. Celtic Voyager"
2021,"CV17018",2017,136,-8.33099,49.980704,0.838123723,0.644710556,187.7208926,140.7906695,118,"Labadie","USBL","R.V. Celtic Voyager"
2021,"CV17018",2017,192,-7.54178,50.662984,0.726150464,0.55857728,167.0911738,125.3183803,91,"Labadie","USBL","R.V. Celtic Voyager"
2021,"CV17018",2017,150,-8.802179,50.156529,0.733908243,0.564544802,174.4087238,130.8065429,96,"Labadie","USBL","R.V. Celtic Voyager"
2021,"CV17018",2017,180,-7.934122,50.58341,0.38023443,0.292488023,146.1086928,109.5815196,41.66666667,"Labadie","USBL","R.V. Celtic Voyager"
2021,"CV17018",2017,199,-7.780651,50.756412,0.034697041,0.026690032,153.7114745,115.2836059,4,"Labadie","USBL","R.V. Celtic Voyager"
2021,"CV17018",2017,190,-7.86166,50.670932,1.280696015,0.985150781,136.3841728,102.2881296,131,"Labadie","USBL","R.V. Celtic Voyager"
2021,"CV17018",2017,201,-7.461847,50.748419,0.07740617,0.059543208,241.1521802,180.8641352,14,"Labadie","USBL","R.V. Celtic Voyager"
2021,"CV17018",2017,181,-7.774011,50.580556,0.457775992,0.352135378,209.709556,157.282167,72,"Labadie","USBL","R.V. Celtic Voyager"
2021,"CV17018",2017,123,-7.724904,49.801198,0,0,205.3408226,154.0056169,0,"Labadie","USBL","R.V. Celtic Voyager"
2021,"CV17018",2017,135,-8.493108,49.983653,0.512726248,0.394404806,183.3336999,137.5002749,70.5,"Labadie","USBL","R.V. Celtic Voyager"
2021,"CV17018",2017,171,-8.091736,50.414002,0.509487055,0.391913119,102.0634371,76.54757785,39,"Labadie","USBL","R.V. Celtic Voyager"
2021,"CV17018",2017,125,-7.415782,49.800361,0.591490466,0.454992666,132.9973536,99.74801522,59,"Labadie","USBL","R.V. Celtic Voyager"
2021,"CV17018",2017,140,-7.719785,49.976167,0.432626476,0.332789597,145.8789848,109.4092386,47.33333333,"Labadie","USBL","R.V. Celtic Voyager"
2021,"CV17018",2017,160,-8.252246,50.242565,0.499683604,0.384372003,139.643921,104.7329407,52.33333333,"Labadie","USBL","R.V. Celtic Voyager"
2021,"CV17018",2017,156,-7.405609,50.141728,0.161161362,0.123970278,322.6579833,241.9934875,39,"Labadie","USBL","R.V. Celtic Voyager"
2021,"CV17018",2017,200,-7.620847,50.751404,0.494712411,0.380548008,181.9238774,136.4429081,67.5,"Labadie","USBL","R.V. Celtic Voyager"
2021,"CV17018",2017,122,-8.183468,49.808189,0.530393567,0.407995052,198.594666,148.9459995,79,"Labadie","USBL","R.V. Celtic Voyager"
2021,"CV17018",2017,186,-6.997941,50.570088,0.523641754,0.402801349,169.3269605,126.9952204,66.5,"Labadie","USBL","R.V. Celtic Voyager"
2021,"CV17018",2017,134,-8.649573,49.984418,1.040882949,0.800679191,147.3108321,110.4831241,115,"Labadie","USBL","R.V. Celtic Voyager"
2021,"CV17018",2017,124,-7.568283,49.802133,0.787408237,0.605698644,121.072309,90.80423172,71.5,"Labadie","USBL","R.V. Celtic Voyager"
2021,"CV17018",2017,128,-8.105016,49.894412,0,0,178.0850231,133.5637673,0,"Labadie","USBL","R.V. Celtic Voyager"
2021,"CV17018",2017,176,-7.859913,50.497113,0.750847276,0.577574827,143.8375066,107.87813,81,"Labadie","USBL","R.V. Celtic Voyager"
2021,"CV17018",2017,133,-8.802734,49.98381,0.628832158,0.483717045,201.4315984,151.0736988,95,"Labadie","USBL","R.V. Celtic Voyager"
2021,"CV17018",2017,142,-9.038668,50.070096,0.318045529,0.244650407,194.940643,146.2054822,46.5,"Labadie","USBL","R.V. Celtic Voyager"
2021,"CV17018",2017,147,-7.797836,50.064036,0.809103083,0.622386987,218.3487747,163.761581,132.5,"Labadie","USBL","R.V. Celtic Voyager"
2021,"CV17018",2017,126,-8.726036,49.896786,0.88151527,0.678088669,109.6596621,82.24474659,72.5,"Labadie","USBL","R.V. Celtic Voyager"
2021,"CV17018",2017,161,-9.111864,50.329729,0.459586167,0.353527821,162.4650001,121.8487501,56,"Labadie","USBL","R.V. Celtic Voyager"
2021,"CV17018",2017,185,-7.149319,50.576777,0.458158468,0.352429591,123.1985184,92.39888878,42.33333333,"Labadie","USBL","R.V. Celtic Voyager"
2021,"CV17018",2017,183,-7.464555,50.57988,0.461196589,0.354766607,190.8080027,143.1060021,66,"Labadie","USBL","R.V. Celtic Voyager"
2021,"CV17018",2017,196,-8.562879,50.761546,1.018186081,0.783220062,191.8444349,143.8833262,146.5,"Labadie","USBL","R.V. Celtic Voyager"
2021,"CV17018",2017,152,-8.494173,50.155649,0.826078291,0.635444839,160.8671846,120.6503884,99.66666667,"Labadie","USBL","R.V. Celtic Voyager"
2021,"CV17018",2017,132,-7.332993,49.883374,0.648024492,0.498480379,152.2576196,114.1932147,74,"Labadie","USBL","R.V. Celtic Voyager"
2021,"CV17018",2017,158,-8.725115,50.242417,0.988997474,0.760767287,173.2394044,129.9295533,128.5,"Labadie","USBL","R.V. Celtic Voyager"
2021,"CV17018",2017,149,-8.952865,50.154843,0.684526305,0.526558696,199.9760826,149.9820619,102.6666667,"Labadie","USBL","R.V. Celtic Voyager"
2021,"CV17018",2017,205,-7.76606,50.926079,0,0,242.2711887,181.7033915,0,"Labadie","USBL","R.V. Celtic Voyager"
2021,"CV17018",2017,138,-8.029376,49.978654,0.532291623,0.409455094,135.2641991,101.4481493,54,"Labadie","USBL","R.V. Celtic Voyager"
2021,"CV17018",2017,154,-8.17634,50.156082,0.513462512,0.394971163,164.8935701,123.6701776,63.5,"Labadie","USBL","R.V. Celtic Voyager"
2021,"CV17018",2017,203,-7.6951,50.843915,0.91366493,0.702819177,166.3629576,124.7722182,114,"Labadie","USBL","R.V. Celtic Voyager"
2021,"CV17018",2017,191,-7.695882,50.669612,0.668584067,0.514295436,137.6042364,103.2031773,69,"Labadie","USBL","R.V. Celtic Voyager"
2021,"CV17018",2017,137,-8.186411,49.977947,0.282471569,0.217285822,188.8095623,141.6071718,40,"Labadie","USBL","R.V. Celtic Voyager"
2021,"CV17018",2017,166,-8.176665,50.329069,0.532050628,0.409269714,171.6628616,128.7471462,68.5,"Labadie","USBL","R.V. Celtic Voyager"
2021,"CV17018",2017,184,-7.304078,50.577662,0.584772958,0.449825352,259.9299402,194.9474552,114,"Labadie","USBL","R.V. Celtic Voyager"
2021,"CV17018",2017,153,-8.340473,50.158195,0.320417206,0.246474774,203.9008271,152.9256203,49,"Labadie","USBL","R.V. Celtic Voyager"
2021,"CV17018",2017,139,-7.86864,49.977678,0,0,143.7717129,107.8287847,0,"Labadie","USBL","R.V. Celtic Voyager"
2021,"CV17018",2017,170,-8.244609,50.415332,0.571858059,0.439890815,123.5737882,92.68034116,53,"Labadie","USBL","R.V. Celtic Voyager"
2021,"CV17018",2017,155,-7.715275,50.146275,0,0,223.7979945,167.8484958,0,"Labadie","USBL","R.V. Celtic Voyager"
2021,"CV18018",2018,170,-8.199286,49.715395,0,0,140,105,0,"Labadie","Estimated","R.V. Celtic Voyager"
2021,"CV18018",2018,171,-8.043926,49.713377,0.111141415,0.085493396,185.9492856,139.4619642,15.5,"Labadie","USBL","R.V. Celtic Voyager"
2021,"CV18018",2018,172,-7.890809,49.713225,0.322229448,0.247868806,208.9608315,156.7206236,50.5,"Labadie","USBL","R.V. Celtic Voyager"
2021,"CV18018",2018,173,-8.428055,49.804077,0.412264472,0.317126517,237.7114852,178.2836139,73.5,"Labadie","USBL","R.V. Celtic Voyager"
2021,"CV18018",2018,174,-8.264941,49.823745,0.675099599,0.519307384,215.2768768,161.4576576,109,"Labadie","USBL","R.V. Celtic Voyager"
2021,"CV18018",2018,175,-8.1209,49.79982,0.472814161,0.363703201,181.8896452,136.4172339,64.5,"Labadie","USBL","R.V. Celtic Voyager"
2021,"CV18018",2018,176,-7.964005,49.801477,0.024947308,0.019190237,187.0609299,140.2956974,3.5,"Labadie","USBL","R.V. Celtic Voyager"
2021,"CV18018",2018,177,-7.812238,49.799492,0.365491996,0.28114769,202.4668138,151.8501104,55.5,"Labadie","USBL","R.V. Celtic Voyager"
2021,"CV18018",2018,178,-7.649544,49.796194,0.277848705,0.213729773,249.5362841,187.1522131,52,"Labadie","USBL","R.V. Celtic Voyager"
2021,"CV18018",2018,179,-7.504995,49.795223,0.170480297,0.13113869,242.4522597,181.8391948,31,"Labadie","USBL","R.V. Celtic Voyager"
2021,"CV18018",2018,180,-8.351656,49.888431,0.550926802,0.423789847,202.0837124,151.5627843,83.5,"Labadie","USBL","R.V. Celtic Voyager"
2021,"CV18018",2018,181,-8.191866,49.895942,0.341508305,0.262698696,236.2070423,177.1552817,60.5,"Labadie","USBL","R.V. Celtic Voyager"
2021,"CV18018",2018,182,-8.044693,49.888518,0.489872083,0.376824679,219.1048176,164.3286132,80.5,"Labadie","USBL","R.V. Celtic Voyager"
2021,"CV18018",2018,183,-7.890497,49.895871,0,0,221.9940154,166.4955115,0,"Labadie","USBL","R.V. Celtic Voyager"
2021,"CV18018",2018,184,-7.734549,49.883969,0.371975764,0.286135203,232.9900898,174.7425674,65,"Labadie","USBL","R.V. Celtic Voyager"
2021,"CV18018",2018,185,-7.414317,49.881012,0.256325692,0.197173609,228.8754832,171.6566124,44,"Labadie","USBL","R.V. Celtic Voyager"
2021,"CV18018",2018,186,-7.272592,49.884831,0.131293213,0.100994779,264.0400516,198.0300387,26,"Labadie","USBL","R.V. Celtic Voyager"
2021,"CV18018",2018,187,-9.207642,49.979797,0.61176542,0.470588785,232.1151137,174.0863353,106.5,"Labadie","USBL","R.V. Celtic Voyager"
2021,"CV18018",2018,188,-9.048878,49.978861,0.147705959,0.113619969,221.1601133,165.870085,24.5,"Labadie","USBL","R.V. Celtic Voyager"
2021,"CV18018",2018,189,-8.88825,49.97798,0.341885205,0.262988619,288.5958946,216.4469209,74,"Labadie","USBL","R.V. Celtic Voyager"
2021,"CV18018",2018,190,-8.586571,49.974484,0.600598179,0.461998599,213.1208594,159.8406445,96,"Labadie","USBL","R.V. Celtic Voyager"
2021,"CV18018",2018,191,-8.429434,49.975746,0.521957002,0.401505386,186.4776848,139.8582636,73,"Labadie","USBL","R.V. Celtic Voyager"
2021,"CV18018",2018,192,-8.271566,49.975231,0.433145314,0.333188703,161.6085819,121.2064364,52.5,"Labadie","USBL","R.V. Celtic Voyager"
2021,"CV18018",2018,193,-8.118391,49.978565,0.387659082,0.298199294,219.2648233,164.4486174,63.75,"Labadie","USBL","R.V. Celtic Voyager"
2021,"CV18018",2018,194,-7.957463,49.972564,0.119490647,0.091915883,206.4317769,154.8238327,18.5,"Labadie","USBL","R.V. Celtic Voyager"
2021,"CV18018",2018,195,-7.808679,49.971731,0.480690995,0.369762304,167.8139749,125.8604812,60.5,"Labadie","USBL","R.V. Celtic Voyager"
2021,"CV18018",2018,196,-7.654297,49.969511,0.496018005,0.381552312,189.5092498,142.1319373,70.5,"Labadie","USBL","R.V. Celtic Voyager"
2021,"CV18018",2018,197,-7.498136,49.967706,0.192802578,0.148309675,197.0928007,147.8196005,28.5,"Labadie","USBL","R.V. Celtic Voyager"
2021,"CV18018",2018,198,-7.341444,49.968358,0,0,230.4687871,172.8515904,0,"Labadie","USBL","R.V. Celtic Voyager"
2021,"CV18018",2018,199,-9.127295,50.062332,0.899437236,0.691874797,199.7545348,149.8159011,134.75,"Labadie","USBL","R.V. Celtic Voyager"
2021,"CV18018",2018,200,-8.971255,50.066038,0.239507387,0.184236451,222.6792836,167.0094627,40,"Labadie","USBL","R.V. Celtic Voyager"
2021,"CV18018",2018,201,-8.500978,50.060375,0.587450617,0.45188509,199.1656773,149.374258,87.75,"Labadie","USBL","R.V. Celtic Voyager"
2021,"CV18018",2018,202,-8.354458,50.06285,0.186219261,0.143245586,150.360386,112.7702895,21,"Labadie","USBL","R.V. Celtic Voyager"
2021,"CV18018",2018,203,-8.198969,50.065302,0.437438768,0.33649136,231.6514693,173.738602,76,"Labadie","USBL","R.V. Celtic Voyager"
2021,"CV18018",2018,204,-8.037409,50.061612,0,0,173.9896943,130.4922707,0,"Labadie","USBL","R.V. Celtic Voyager"
2021,"CV18018",2018,205,-7.885799,50.058755,0.738236915,0.56787455,163.4524964,122.5893723,90.5,"Labadie","USBL","R.V. Celtic Voyager"
2021,"CV18018",2018,206,-7.727444,50.05732,0.532828523,0.409868095,216.4548788,162.3411591,86.5,"Labadie","USBL","R.V. Celtic Voyager"
2021,"CV18018",2018,207,-7.262959,50.052576,0.204868536,0.157591182,156.1977284,117.1482963,24,"Labadie","USBL","R.V. Celtic Voyager"
2021,"CV18018",2018,208,-8.887839,50.156098,0.229333951,0.176410732,188.9529793,141.7147345,32.5,"Labadie","USBL","R.V. Celtic Voyager"
2021,"CV18018",2018,209,-8.575074,50.145728,0.748275672,0.57559667,204.9155668,153.6866751,115,"Labadie","USBL","R.V. Celtic Voyager"
2021,"CV18018",2018,210,-8.272586,50.149277,0.595296795,0.457920612,191.5011149,143.6258361,85.5,"Labadie","USBL","R.V. Celtic Voyager"
2021,"CV18018",2018,211,-8.115,50.147987,0.596437099,0.458797769,232.4916858,174.3687644,104,"Labadie","USBL","R.V. Celtic Voyager"
2021,"CV18018",2018,212,-7.493566,50.137582,0.111552123,0.085809326,203.1935029,152.3951271,17,"Labadie","USBL","R.V. Celtic Voyager"
2021,"CV18018",2018,213,-7.328056,50.138174,0.233494891,0.179611454,179.8754562,134.9065922,31.5,"Labadie","USBL","R.V. Celtic Voyager"
2021,"CV18018",2018,214,-9.203772,50.323847,0,0,140,105,0,"Labadie","Estimated","R.V. Celtic Voyager"
2021,"CV18018",2018,215,-8.970094,50.238206,0.047357468,0.036428821,211.1599392,158.3699544,7.5,"Labadie","USBL","R.V. Celtic Voyager"
2021,"CV18018",2018,216,-8.812805,50.237928,0.082824717,0.063711321,241.4738108,181.1053581,15,"Labadie","USBL","R.V. Celtic Voyager"
2021,"CV18018",2018,217,-8.660527,50.237349,0.012524772,0.00963444,212.9113885,159.6835414,2,"Labadie","USBL","R.V. Celtic Voyager"
2021,"CV18018",2018,218,-8.50341,50.236657,0.822181294,0.632447149,192.9825793,144.7369345,119,"Labadie","USBL","R.V. Celtic Voyager"
2021,"CV18018",2018,219,-8.193465,50.235583,0.265610728,0.204315945,273.5833269,205.1874952,54.5,"Labadie","USBL","R.V. Celtic Voyager"
2021,"CV18018",2018,220,-9.281311,50.237137,0,0,140,105,0,"Labadie","Estimated","R.V. Celtic Voyager"
2021,"CV18018",2018,221,-9.043776,50.319691,0.260344406,0.200264927,20.48568442,15.36426332,4,"Labadie","USBL","R.V. Celtic Voyager"
2021,"CV18018",2018,222,-8.889994,50.323058,0.23308729,0.179297915,185.9103232,139.4327424,32.5,"Labadie","USBL","R.V. Celtic Voyager"
2021,"CV18018",2018,223,-8.735308,50.322601,0,0,357.7809062,268.3356796,0,"Labadie","USBL","R.V. Celtic Voyager"
2021,"CV18018",2018,224,-8.268818,50.334068,0.384695071,0.295919285,233.9515288,175.4636466,67.5,"Labadie","USBL","R.V. Celtic Voyager"
2021,"CV18018",2018,225,-8.110006,50.322074,0.551979967,0.424599974,201.6981413,151.273606,83.5,"Labadie","USBL","R.V. Celtic Voyager"
2021,"CV18018",2018,226,-8.819567,50.407609,0.394784139,0.303680107,221.2179385,165.9134539,65.5,"Labadie","USBL","R.V. Celtic Voyager"
2021,"CV18018",2018,227,-8.659091,50.406731,0.139929829,0.10763833,190.5717096,142.9287822,20,"Labadie","USBL","R.V. Celtic Voyager"
2021,"CV18018",2018,228,-8.340519,50.407599,0.623775159,0.479827045,161.3829362,121.0372022,75.5,"Labadie","USBL","R.V. Celtic Voyager"
2021,"CV18018",2018,229,-8.186213,50.408459,0.568293308,0.437148699,233.4475256,175.0856442,99.5,"Labadie","SHIP","R.V. Celtic Voyager"
2021,"CV18018",2018,230,-8.024627,50.408554,0.476943864,0.366879895,197.0881841,147.8161381,70.5,"Labadie","USBL","R.V. Celtic Voyager"
2021,"CV18018",2018,231,-7.251258,50.396909,0.398940655,0.306877427,178.8068789,134.1051592,53.5,"Labadie","USBL","R.V. Celtic Voyager"
2021,"CV18018",2018,232,-7.09245,50.400389,0.536552699,0.412732846,147.8574862,110.8931147,59.5,"Labadie","USBL","R.V. Celtic Voyager"
2021,"CV18018",2018,233,-8.577149,50.488139,0.487814481,0.375241908,203.6293249,152.7219937,74.5,"Labadie","USBL","R.V. Celtic Voyager"
2021,"CV18018",2018,234,-8.419411,50.493902,0.178166976,0.13705152,168.3813731,126.2860298,22.5,"Labadie","USBL","R.V. Celtic Voyager"
2021,"CV18018",2018,235,-8.107825,50.491696,0.601114261,0.462395586,253.9727911,190.4795933,114.5,"Labadie","SHIP","R.V. Celtic Voyager"
2021,"CV18018",2018,236,-7.940876,50.493988,0.537682227,0.413601713,215.7408114,161.8056085,87,"Labadie","USBL","R.V. Celtic Voyager"
2021,"CV18018",2018,237,-7.168444,50.480494,0.185136217,0.142412474,201.6533231,151.2399924,28,"Labadie","USBL","R.V. Celtic Voyager"
2021,"CV18018",2018,238,-7.015148,50.483937,0.273096929,0.210074561,253.8781141,190.4085856,52,"Labadie","USBL","R.V. Celtic Voyager"
2021,"CV18018",2018,239,-8.348575,50.584656,0.632385053,0.486450041,211.8962163,158.9221622,100.5,"Labadie","USBL","R.V. Celtic Voyager"
2021,"CV18018",2018,240,-8.187869,50.580743,0,0,233.5467179,175.1600384,0,"Labadie","USBL","R.V. Celtic Voyager"
2021,"CV18018",2018,241,-7.857136,50.579371,0.368753401,0.283656462,235.0260809,176.2695607,65,"Labadie","USBL","R.V. Celtic Voyager"
2021,"CV18018",2018,242,-7.704647,50.576666,0.467642069,0.359724669,175.3477828,131.5108371,61.5,"Labadie","USBL","R.V. Celtic Voyager"
2021,"CV18018",2018,243,-7.557782,50.573654,0.569758733,0.438275949,162.6419417,121.9814562,69.5,"Labadie","USBL","R.V. Celtic Voyager"
2021,"CV18018",2018,244,-7.405222,50.571553,0.493184695,0.379372843,182.4874146,136.865561,67.5,"Labadie","USBL","R.V. Celtic Voyager"
2021,"CV18018",2018,245,-7.243673,50.571446,0.209907125,0.16146702,146.0963586,109.5722689,23,"Labadie","USBL","R.V. Celtic Voyager"
2021,"CV18018",2018,246,-7.090569,50.570295,0.37008082,0.284677554,230.5802647,172.9351985,64,"Labadie","USBL","R.V. Celtic Voyager"
2021,"CV18018",2018,247,-8.428452,50.67251,0.157308542,0.121006571,207.6598399,155.7448799,24.5,"Labadie","USBL","R.V. Celtic Voyager"
2021,"CV18018",2018,248,-8.260275,50.666211,0,0,237.0860534,177.8145401,0,"Labadie","USBL","R.V. Celtic Voyager"
2021,"CV18018",2018,249,-8.107329,50.66426,0.627994821,0.483072939,187.8996388,140.9247291,88.5,"Labadie","USBL","R.V. Celtic Voyager"
2021,"CV18018",2018,250,-7.942558,50.666182,0.190338753,0.146414425,203.1465802,152.3599351,29,"Labadie","USBL","R.V. Celtic Voyager"
2021,"CV18018",2018,251,-7.790439,50.662994,0.259783726,0.199833635,197.6002662,148.2001997,38.5,"Labadie","USBL","R.V. Celtic Voyager"
2021,"CV18018",2018,252,-7.634198,50.661496,0.335999244,0.258460957,216.270328,162.202746,54.5,"Labadie","USBL","R.V. Celtic Voyager"
2021,"CV18018",2018,253,-7.475716,50.659717,0.650554386,0.500426451,167.3786101,125.5339576,81.66666667,"Labadie","USBL","R.V. Celtic Voyager"
2021,"CV18018",2018,254,-7.322434,50.661411,0.276696458,0.212843429,238.5285321,178.8963991,49.5,"Labadie","USBL","R.V. Celtic Voyager"
2021,"CV18018",2018,255,-7.161614,50.65802,0.280953797,0.216118305,218.3039847,163.7279885,46,"Labadie","USBL","R.V. Celtic Voyager"
2021,"CV18018",2018,256,-8.181425,50.756718,0.021486979,0.016528445,279.2388809,209.4291606,4.5,"Labadie","USBL","R.V. Celtic Voyager"
2021,"CV18018",2018,257,-8.03003,50.750725,0.945637362,0.727413355,169.9030444,127.4272833,120.5,"Labadie","USBL","R.V. Celtic Voyager"
2021,"CV18018",2018,258,-7.710501,50.743404,0.398969063,0.306899279,210.5426404,157.9069803,63,"Labadie","USBL","R.V. Celtic Voyager"
2021,"CV18018",2018,259,-7.552069,50.747735,0,0,222.7640983,167.0730737,0,"Labadie","USBL","R.V. Celtic Voyager"
2021,"CV18018",2018,260,-7.391288,50.742769,0.324498773,0.249614441,207.4995005,155.6246254,50.5,"Labadie","USBL","R.V. Celtic Voyager"
2021,"CV18018",2018,261,-7.239478,50.736134,0,0,141.6855154,106.2641365,0,"Labadie","USBL","R.V. Celtic Voyager"
2021,"CV18018",2018,262,-8.106366,50.839695,1.065678025,0.819752327,235.843592,176.882694,188.5,"Labadie","USBL","R.V. Celtic Voyager"
2021,"CV18018",2018,263,-7.944993,50.838303,0.246841217,0.189877859,213.3625301,160.0218976,39.5,"Labadie","USBL","R.V. Celtic Voyager"
2021,"CV18018",2018,264,-7.707136,50.915967,0,0,238.327061,178.7452958,0,"Labadie","USBL","R.V. Celtic Voyager"
2021,"CV18018",2018,265,-7.557528,50.917577,0.615376025,0.473366173,190.6693283,143.0019962,88,"Labadie","USBL","R.V. Celtic Voyager"
2021,"CV19022",2019,170,-8.129538,49.738418,0,0,178.677169871518,180.463941570233,0,"Labadie","USBL","R.V. Celtic Voyager"
2021,"CV19022",2019,171,-7.97854,49.736221,0,0,151.178563817047,152.690349455217,0,"Labadie","USBL","R.V. Celtic Voyager"
2021,"CV19022",2019,172,-8.360541,49.825416,0.0673121475630896,0.0517785750485305,245.151146741916,247.602658209335,16.6666666664,"Labadie","USBL","R.V. Celtic Voyager"
2021,"CV19022",2019,173,-8.20966,49.821916,0.0314781434209353,0.0242139564776426,172.994464179032,174.724408820823,5.5,"Labadie","USBL","R.V. Celtic Voyager"
2021,"CV19022",2019,174,-8.051166,49.82246,0,0,217.558758476763,219.734346061531,0,"Labadie","USBL","R.V. Celtic Voyager"
2021,"CV19022",2019,175,-7.900801,49.819955,0.0144316210904777,0.0111012469926752,137.212445323177,138.584569776409,2,"Labadie","USBL","R.V. Celtic Voyager"
2021,"CV19022",2019,176,-7.747018,49.821833,0.0608557116993421,0.0468120859225708,244.044227465265,246.484669739918,15,"Labadie","USBL","R.V. Celtic Voyager"
2021,"CV19022",2019,177,-7.585448,49.818324,0.125473595281367,0.0965181502164361,236.726860583078,239.094129188909,30,"Labadie","USBL","R.V. Celtic Voyager"
2021,"CV19022",2019,178,-7.433342,49.81381,0.119857185170845,0.092197834746804,202.386078965542,204.409939755197,24.5,"Labadie","USBL","R.V. Celtic Voyager"
2021,"CV19022",2019,179,-8.899961,49.908963,0.023027111970318,0.0177131630540908,322.478241467242,325.703023881914,7.5,"Labadie","USBL","R.V. Celtic Voyager"
2021,"CV19022",2019,180,-8.751814,49.912572,0.142491072073816,0.109608516979859,204.98070768215,207.030514758972,29.5,"Labadie","USBL","R.V. Celtic Voyager"
2021,"CV19022",2019,181,-8.282204,49.909223,0.103884304887266,0.0799110037594351,195.381099435535,197.33491042989,20.5,"Labadie","USBL","R.V. Celtic Voyager"
2021,"CV19022",2019,182,-8.133181,49.908526,0,0,270.673510191255,273.380245293167,0,"Labadie","USBL","R.V. Celtic Voyager"
2021,"CV19022",2019,183,-7.973407,49.906211,0.0500494669490386,0.0384995899607989,207.715291244677,209.792444157124,10.5,"Labadie","USBL","R.V. Celtic Voyager"
2021,"CV19022",2019,184,-7.818977,49.906218,0.0955411428893315,0.0734931868379473,202.079754430331,204.100551974635,19.5,"Labadie","USBL","R.V. Celtic Voyager"
2021,"CV19022",2019,1850,-7.660687,49.901639,0.0911506768029016,0.0701159052330012,206.382243642539,208.446066078965,19,"Labadie","USBL","R.V. Celtic Voyager"
2021,"CV19022",2019,186,-7.508951,49.902817,0.0703814306635844,0.0541395620489111,133.642361420852,134.978785035061,9.5,"Labadie","USBL","R.V. Celtic Voyager"
2021,"CV19022",2019,1870,-7.355629,49.902527,0.0984769969608583,0.0757515361237372,221.190520528155,223.402425733436,22,"Labadie","USBL","R.V. Celtic Voyager"
2021,"CV19022",2019,188,-8.816892,50.006118,0.141811950620428,0.109086115861868,226.907659622495,229.17673621872,32.5,"Labadie","USBL","R.V. Celtic Voyager"
2021,"CV19022",2019,189,-8.51482,49.999077,0.137931949602458,0.106101499694198,240.46870161177,242.873388627888,33.5,"Labadie","USBL","R.V. Celtic Voyager"
2021,"CV19022",2019,190,-8.357443,49.998316,0.0931108335471515,0.0716237181131935,152.414263744042,153.938406381483,14.3333333331,"Labadie","USBL","R.V. Celtic Voyager"
2021,"CV19022",2019,191,-8.210099,49.996063,0.0860573944328859,0.0661979957176046,224.349468401885,226.592963085904,19.5,"Labadie","USBL","R.V. Celtic Voyager"
2021,"CV19022",2019,192,-8.048841,49.991419,0.0649440637373194,0.0499569721056303,213.435768274053,215.570125956794,14,"Labadie","USBL","R.V. Celtic Voyager"
2021,"CV19022",2019,193,-7.888368,49.994723,0.00925382034633954,0.00711832334333811,160.490312029772,162.09521515007,1.5,"Labadie","USBL","R.V. Celtic Voyager"
2021,"CV19022",2019,194,-7.740053,49.997305,0.291285870232185,0.224066054024758,311.014260093453,314.124402694387,91.5,"Labadie","USBL","R.V. Celtic Voyager"
2021,"CV19022",2019,195,-7.429501,49.987232,0.0938654130442933,0.0722041638802256,161.737083545568,163.354454381024,15.3333333331,"Labadie","USBL","R.V. Celtic Voyager"
2021,"CV19022",2019,196,-7.279583,49.984073,0.18591009894367,0.143007768418208,197.050421545074,199.020925760525,37,"Labadie","USBL","R.V. Celtic Voyager"
2021,"CV19022",2019,197,-9.0586,50.08448,0.0161115623223273,0.0123935094787133,184.358100740284,186.201681747686,3,"Labadie","USBL","R.V. Celtic Voyager"
2021,"CV19022",2019,198,-8.899932,50.085247,0.0346027732942519,0.0266175179186553,185.986351718967,187.846215236157,6.5,"Labadie","USBL","R.V. Celtic Voyager"
2021,"CV19022",2019,200,-8.27956,50.082414,0.0611999673098984,0.0470768979306911,210.31526150229,212.418414117313,13,"Labadie","USBL","R.V. Celtic Voyager"
2021,"CV19022",2019,201,-8.126864,50.084041,0.135062486382953,0.103894220294579,201.59352534853,203.609460602015,27.5,"Labadie","USBL","R.V. Celtic Voyager"
2021,"CV19022",2019,202,-7.969904,50.083597,0.047121725752874,0.0362474813483646,178.597906797697,180.383885865674,8.5,"Labadie","USBL","R.V. Celtic Voyager"
2021,"CV19022",2019,203,-7.803893,50.085395,0,0,130.262909989683,131.56553908958,0,"Labadie","USBL","R.V. Celtic Voyager"
2021,"CV19022",2019,204,-7.500661,50.079276,0.146212696997783,0.11247130538291,189.605778748805,191.501836536293,28,"Labadie","USBL","R.V. Celtic Voyager"
2021,"CV19022",2019,205,-7.349487,50.074205,0,0,20,20.2,0,"Labadie","observed","R.V. Celtic Voyager"
2021,"CV19022",2019,206,-8.827704,50.171987,0.0662694773887911,0.0509765210683009,209.166975277194,211.258645029966,14,"Labadie","USBL","R.V. Celtic Voyager"
2021,"CV19022",2019,207,-8.517963,50.17147,0.0056019379557946,0.00430918304291892,265.113345876182,267.764479334944,1.5,"Labadie","USBL","R.V. Celtic Voyager"
2021,"CV19022",2019,208,-8.357627,50.16993,0.176600947145598,0.135846882419691,185.011846509494,186.861964974589,33,"Labadie","USBL","R.V. Celtic Voyager"
2021,"CV19022",2019,209,-8.204916,50.169549,0.056527350166707,0.0434825770513131,245.215565522437,247.667721177661,14,"Labadie","USBL","R.V. Celtic Voyager"
2021,"CV19022",2019,210,-8.049467,50.167643,0.0237957687885768,0.0183044375296745,249.649175539886,252.145667295284,6,"Labadie","USBL","R.V. Celtic Voyager"
2021,"CV19022",2019,211,-9.215028,50.26179,0.0535614186445142,0.0412010912650109,240.308928599134,242.712017885125,13,"Labadie","USBL","R.V. Celtic Voyager"
2021,"CV19022",2019,212,-9.060932,50.2597,0,0,195.44353422454,197.397969566786,0,"Labadie","USBL","R.V. Celtic Voyager"
2021,"CV19022",2019,213,-8.904551,50.258134,0.0259740191899339,0.0199800147614876,228.712931024098,231.000060334339,6,"Labadie","USBL","R.V. Celtic Voyager"
2021,"CV19022",2019,214,-8.747739,50.259323,0.027624263208754,0.0212494332375031,197.129042440117,199.100332864518,5.5,"Labadie","USBL","R.V. Celtic Voyager"
2021,"CV19022",2019,215,-8.43892,50.255767,0.0244815928863772,0.0188319945279825,222.434241911016,224.658584330126,5.5,"Labadie","USBL","R.V. Celtic Voyager"
2021,"CV19022",2019,216,-8.277064,50.259035,0.0677740676247005,0.0521338981728465,211.827859042831,213.94613763326,14.5,"Labadie","USBL","R.V. Celtic Voyager"
2021,"CV19022",2019,217,-8.122194,50.255894,0.226986969652294,0.174605361270996,233.362721705323,235.696348922376,53.5,"Labadie","USBL","R.V. Celtic Voyager"
2021,"CV19022",2019,218,-9.133336,50.347968,0,0,236.961014529483,239.330624674778,0,"Labadie","USBL","R.V. Celtic Voyager"
2021,"CV19022",2019,219,-8.977873,50.344752,0,0,211.463262143632,213.577894765068,0,"Labadie","USBL","R.V. Celtic Voyager"
2021,"CV19022",2019,220,-8.822565,50.346022,0.0327694122287728,0.0252072401759791,135.963547757576,137.323183235152,4.5,"Labadie","USBL","R.V. Celtic Voyager"
2021,"CV19022",2019,221,-8.6696,50.346765,0,0,219.385500997185,221.579356007157,0,"Labadie","USBL","R.V. Celtic Voyager"
2021,"CV19022",2019,222,-8.513343,50.348296,0.0234756783083654,0.018058214083358,147.614330420374,149.090473724578,3.5,"Labadie","USBL","R.V. Celtic Voyager"
2021,"CV19022",2019,223,-8.357547,50.34524,0.116191064623803,0.0893777420183104,259.89967386695,262.498670605619,30.5,"Labadie","USBL","R.V. Celtic Voyager"
2021,"CV19022",2019,224,-8.198626,50.342264,0.0477219651301623,0.0367092039462787,176.351530394947,178.115045698896,8.5,"Labadie","USBL","R.V. Celtic Voyager"
2021,"CV19022",2019,225,-8.040604,50.343757,0.0409606510675993,0.0315081931289225,205.461616571215,207.516232736927,8.5,"Labadie","USBL","R.V. Celtic Voyager"
2021,"CV19022",2019,226,-8.742192,50.432749,0.0518581878224314,0.0398909137095627,219.562986906694,221.758616775761,11.5,"Labadie","USBL","R.V. Celtic Voyager"
2021,"CV19022",2019,227,-8.587361,50.43069,0.125142204699203,0.0962632343840025,205.706574526968,207.763640272238,26,"Labadie","USBL","R.V. Celtic Voyager"
2021,"CV19022",2019,228,-8.275784,50.433463,0.113950615951693,0.0876543199628409,230.254339068242,232.556882458925,26.5,"Labadie","USBL","R.V. Celtic Voyager"
2021,"CV19022",2019,229,-8.115546,50.428909,0.120342022149366,0.092570786268743,156.320135328704,157.883336681991,19,"Labadie","USBL","R.V. Celtic Voyager"
2021,"CV19022",2019,230,-7.958693,50.425958,0.0566640859376963,0.0435877584136125,157.258181115048,158.830762926199,9,"Labadie","USBL","R.V. Celtic Voyager"
2021,"CV19022",2019,231,-7.180448,50.415152,0.167790055617216,0.129069273551705,153.421334552466,154.95554789799,26,"Labadie","USBL","R.V. Celtic Voyager"
2021,"CV19022",2019,232,-7.022948,50.41198,0.292958146973463,0.225352420748818,216.298257236735,218.461239809103,64,"Labadie","USBL","R.V. Celtic Voyager"
2021,"CV19022",2019,233,-8.5111,50.514371,0.184010181555769,0.141546293504438,215.227005708033,217.379275765113,40,"Labadie","USBL","R.V. Celtic Voyager"
2021,"CV19022",2019,234,-8.354002,50.515589,0,0,274.749945831686,277.497445290003,0,"Labadie","USBL","R.V. Celtic Voyager"
2021,"CV19022",2019,235,-8.044821,50.512492,0.0779428883787304,0.0599560679836388,228.651805814796,230.938323872944,18,"Labadie","USBL","R.V. Celtic Voyager"
2021,"CV19022",2019,236,-7.888061,50.514312,0.0957243755284781,0.0736341350219062,165.491642759309,167.146559186902,15.9999999999,"Labadie","USBL","R.V. Celtic Voyager"
2021,"CV19022",2019,237,-7.733666,50.512571,0,0,191.181297279137,193.093110251928,0,"Labadie","USBL","R.V. Celtic Voyager"
2021,"CV19022",2019,238,-7.41399,50.506509,0,0,178.540113089246,180.325514220139,0,"Labadie","USBL","R.V. Celtic Voyager"
2021,"CV19022",2019,239,-7.258587,50.503727,0.0576481736196073,0.0443447489381594,231.860539448508,234.179144842993,13.5,"Labadie","USBL","R.V. Celtic Voyager"
2021,"CV19022",2019,240,-7.098759,50.503197,0.170748577147057,0.13134505934389,185.554508542373,187.410053627797,32,"Labadie","USBL","R.V. Celtic Voyager"
2021,"CV19022",2019,241,-8.275009,50.600931,0.204530675187217,0.157331288605552,179.110851381115,180.901959894926,37,"Labadie","USBL","R.V. Celtic Voyager"
2021,"CV19022",2019,242,-7.953466,50.60146,0.133686437993377,0.102835721533367,199.965483923292,201.965138762525,27,"Labadie","USBL","R.V. Celtic Voyager"
2021,"CV19022",2019,243,-7.803966,50.600589,0.0862440949404616,0.0663416114926628,160.722727140717,162.329954412124,14,"Labadie","USBL","R.V. Celtic Voyager"
2021,"CV19022",2019,244,-7.644584,50.59547,0.185972495493671,0.143055765764362,133.097505530688,134.428480585995,25,"Labadie","USBL","R.V. Celtic Voyager"
2021,"CV19022",2019,245,-7.488519,50.59422,0.00845379933055596,0.00650292256196612,117.118820921418,118.290009130633,1,"Labadie","USBL","R.V. Celtic Voyager"
2021,"CV19022",2019,246,-7.332547,50.593078,0.0701373284283588,0.0539517910987375,239.981812046198,242.38163016666,17,"Labadie","USBL","R.V. Celtic Voyager"
2021,"CV19022",2019,247,-7.177477,50.590256,0.077204304329432,0.0593879264072554,205.190426829307,207.2423310976,16,"Labadie","USBL","R.V. Celtic Voyager"
2021,"CV19022",2019,248,-7.01147,50.589993,0.0987520573713307,0.0759631210548698,172.950400988308,174.679904998191,17.25,"Labadie","USBL","R.V. Celtic Voyager"
2021,"CV19022",2019,249,-8.66114,50.689729,0.0682033877966537,0.0524641444589644,195.977605592184,197.937381648106,13.5,"Labadie","USBL","R.V. Celtic Voyager"
2021,"CV19022",2019,250,-8.5104,50.690511,0.25792222274328,0.198401709802523,138.195010795611,139.576960903567,36,"Labadie","USBL","R.V. Celtic Voyager"
2021,"CV19022",2019,251,-8.196798,50.685626,0.0908830450160279,0.0699100346277138,179.75447082,181.5520155282,16.5,"Labadie","USBL","R.V. Celtic Voyager"
2021,"CV19022",2019,252,-8.033581,50.685712,0.106938143699889,0.0822601105383761,231.46535362527,233.780007161523,25,"Labadie","USBL","R.V. Celtic Voyager"
2021,"CV19022",2019,253,-7.879585,50.688606,0.050467046849306,0.0388208052686969,215.805952375845,217.964011899604,11,"Labadie","USBL","R.V. Celtic Voyager"
2021,"CV19022",2019,254,-7.718572,50.685122,0.0989954894068574,0.0761503764668134,190.027659854326,191.927936452869,19,"Labadie","USBL","R.V. Celtic Voyager"
2021,"CV19022",2019,255,-7.565139,50.681457,0.0706773648156894,0.0543672037043765,161.100214241913,162.711216384332,11.5,"Labadie","USBL","R.V. Celtic Voyager"
2021,"CV19022",2019,256,-7.408938,50.679133,0.129768590546401,0.0998219927280008,206.002647903986,208.062674383026,27,"Labadie","USBL","R.V. Celtic Voyager"
2021,"CV19022",2019,257,-7.241667,50.679403,0.0685681235357587,0.0527447104121221,296.01261718042,298.972743352224,20.5,"Labadie","USBL","R.V. Celtic Voyager"
2021,"CV19022",2019,258,-7.087463,50.676428,0.0660590579717499,0.0508146599782692,209.833239592088,211.931571988009,14,"Labadie","USBL","R.V. Celtic Voyager"
2021,"CV19022",2019,259,-8.269494,50.776327,0.0858200110448637,0.0660153931114336,132.674634682919,134.001381029749,11.5,"Labadie","USBL","R.V. Celtic Voyager"
2021,"CV19022",2019,260,-8.112318,50.779398,0,0,190.388596789911,192.29248275781,0,"Labadie","USBL","R.V. Celtic Voyager"
2021,"CV19022",2019,261,-7.640396,50.768327,0.138627633065287,0.106636640819451,146.41402478113,147.878165028941,20.5,"Labadie","USBL","R.V. Celtic Voyager"
2021,"CV19022",2019,262,-8.033658,50.86148,0.0990833539704535,0.0762179645926565,169.873974727743,171.572714475021,17,"Labadie","USBL","R.V. Celtic Voyager"
2021,"CV19022",2019,263,-7.873504,50.862203,0,0,157.736007200874,159.313367272883,0,"Labadie","USBL","R.V. Celtic Voyager"
2021,"CV19022",2019,264,-7.714862,50.858905,0,0,116.296918486523,117.459887671388,0,"Labadie","USBL","R.V. Celtic Voyager"
2021,"CV19022",2019,265,-7.951364,50.938297,0,0,161.381651718902,162.995468236091,0,"Labadie","USBL","R.V. Celtic Voyager"
2021,"CV20019",2020,201,-7.680736,50.048864,0.125447909438135,0.0964983918754885,228.882820094252,231.171648295195,29,"Labadie","USBL","R.V. Celtic Voyager"
2021,"CV20019",2020,236,-8.289774,50.573304,0.224858628335641,0.1729681756428,187.136283060402,189.007645891006,42.5,"Labadie","USBL","R.V. Celtic Voyager"
2021,"CV20019",2020,177,-8.923973,49.887846,0.0987480560908503,0.0759600431468079,175.464038070039,177.21867845074,17.5,"Labadie","USBL","R.V. Celtic Voyager"
2021,"CV20019",2020,181,-7.993464,49.885096,0.00341902665486507,0.00263002050374236,144.792525745908,146.240451003367,0.5,"Labadie","USBL","R.V. Celtic Voyager"
2021,"CV20019",2020,239,-7.670412,50.571305,0.0854784754525178,0.0657526734250137,208.494385093679,210.579328944616,18,"Labadie","USBL","R.V. Celtic Voyager"
2021,"CV20019",2020,243,-7.034488,50.565113,0.273076783002929,0.210059063848407,166.782961021468,168.450790631683,46,"Labadie","USBL","R.V. Celtic Voyager"
2021,"CV20019",2020,179,-8.301074,49.883419,0.0686886720509293,0.0528374400391764,100.900088214956,101.909089097105,7,"Labadie","USBL","R.V. Celtic Voyager"
2021,"CV20019",2020,245,-8.526802,50.67026,0.116787579199415,0.0898365993841654,101.733319589789,102.750652785687,12,"Labadie","USBL","R.V. Celtic Voyager"
2021,"CV20019",2020,224,-8.606939,50.405442,0.233494907830837,0.179611467562182,131.450700968465,132.76520797815,31,"Labadie","USBL","R.V. Celtic Voyager"
2021,"CV20019",2020,180,-8.146162,49.882826,0.134828598255892,0.103714306350686,146.867804413701,148.336482457838,20,"Labadie","USBL","R.V. Celtic Voyager"
2021,"CV20019",2020,249,-7.744496,50.6592,0.133278749305987,0.102522114850759,200.577161824596,202.582933442842,27,"Labadie","USBL","R.V. Celtic Voyager"
2021,"CV20019",2020,206,-8.37554,50.141803,0.160187654081451,0.123221272370347,151.431306499064,152.945619564055,24.5,"Labadie","USBL","R.V. Celtic Voyager"
2021,"CV20019",2020,231,-8.059616,50.48616,0.188622396954199,0.14509415150323,152.224082350628,153.746323174134,29,"Labadie","USBL","R.V. Celtic Voyager"
2021,"CV20019",2020,190,-8.07081,49.965214,0,0,198.787455586346,200.775330142209,0,"Labadie","USBL","R.V. Celtic Voyager"
2021,"CV20019",2020,265,-8.127555,50.916487,0,0,282.493848299321,285.318786782314,0,"Labadie","USBL","R.V. Celtic Voyager"
2021,"CV20019",2020,263,-8.052148,50.835341,0.262379793924264,0.201830610710972,166.035485370564,167.695840224269,44,"Labadie","USBL","R.V. Celtic Voyager"
2021,"CV20019",2020,225,-8.294719,50.401779,0.279142638920131,0.214725106861639,175.572965777263,177.328695435036,49.5,"Labadie","USBL","R.V. Celtic Voyager"
2021,"CV20019",2020,210,-7.288522,50.129802,0,0,48.2473218673522,48.7297950860257,0,"Labadie","USBL","R.V. Celtic Voyager"
2021,"CV20019",2020,208,-7.75624,50.136276,0.00565984952482704,0.0043537304037131,174.933804433829,176.683142478167,1,"Labadie","USBL","R.V. Celtic Voyager"
2021,"CV20019",2020,223,-8.766665,50.406594,0.0886618984230763,0.0682014603254433,161.9233954935,163.542629448436,14.5,"Labadie","USBL","R.V. Celtic Voyager"
2021,"CV20019",2020,191,-7.915087,49.966685,0.118488194825876,0.0911447652506738,116.985376973494,118.155230743229,14,"Labadie","USBL","R.V. Celtic Voyager"
2021,"CV20019",2020,211,-9.079908,50.234081,0.0151172746005392,0.0116286727696455,196.483632677879,198.448469004658,3,"Labadie","USBL","R.V. Celtic Voyager"
2021,"CV20019",2020,246,-8.211152,50.658901,0.277674861017903,0.213596046936848,187.19806981897,189.070050517159,52.5,"Labadie","USBL","R.V. Celtic Voyager"
2021,"CV20019",2020,209,-7.444404,50.132819,0.0889639648249436,0.0684338190961104,139.115175994184,140.506327754125,12.5,"Labadie","USBL","R.V. Celtic Voyager"
2021,"CV20019",2020,238,-7.826502,50.573265,0.229450416342868,0.176500320263745,217.912003808635,220.091123846721,50.5,"Labadie","USBL","R.V. Celtic Voyager"
2021,"CV20019",2020,264,-7.725734,50.831543,0.445482653372478,0.342678964132675,217.80803862001,219.98611900621,98,"Labadie","USBL","R.V. Celtic Voyager"
2021,"CV20019",2020,234,-6.975808,50.47553,0.106285037894649,0.0817577214574227,167.679125220644,169.35591647285,18,"Labadie","USBL","R.V. Celtic Voyager"
2021,"CV20019",2020,262,-7.350122,50.741474,0.0919187242570192,0.0707067109669379,350.072502440382,353.573227464786,32.5,"Labadie","USBL","R.V. Celtic Voyager"
2021,"CV20019",2020,250,-7.57792,50.650163,0.0925783543305943,0.0712141187158418,235.283705087674,237.636542138551,22,"Labadie","USBL","R.V. Celtic Voyager"
2021,"CV20019",2020,197,-8.300178,50.058392,0.0788504510683638,0.0606541931295106,87.8966825858482,88.7756494117067,7,"Labadie","USBL","R.V. Celtic Voyager"
2021,"CV20019",2020,247,-8.053682,50.663851,0,0,146.896103268964,148.365064301653,0,"Labadie","USBL","R.V. Celtic Voyager"
2021,"CV20019",2020,227,-7.980383,50.400402,0.106055410527704,0.081581085021311,149.370824926255,150.864533175518,16,"Labadie","USBL","R.V. Celtic Voyager"
2021,"CV20019",2020,199,-7.989546,50.053239,0,0,185.809159456613,187.667251051179,0,"Labadie","USBL","R.V. Celtic Voyager"
2021,"CV20019",2020,218,-8.84817,50.31877,0.0845573099343843,0.065044084564911,175.638098705357,177.394479692411,15,"Labadie","USBL","R.V. Celtic Voyager"
2021,"CV20019",2020,216,-9.153407,50.319468,0.26418990566579,0.2032230043583,140.537969373653,141.94334906739,37.5,"Labadie","USBL","R.V. Celtic Voyager"
2021,"CV20019",2020,242,-7.194537,50.563521,0.167464733634171,0.128819025872439,177.368510088316,179.1421951892,30,"Labadie","USBL","R.V. Celtic Voyager"
2021,"CV20019",2020,170,-8.379854,49.798569,0.0604912265446821,0.0465317127266786,163.676464581132,165.313229226943,10,"Labadie","USBL","R.V. Celtic Voyager"
2021,"CV20019",2020,251,-7.431602,50.652723,0.13987045606311,0.107592658510085,191.124516354368,193.035761517912,27,"Labadie","USBL","R.V. Celtic Voyager"
2021,"CV20019",2020,219,-8.684924,50.318891,0,0,144.540119238701,145.985520431088,0,"Labadie","USBL","R.V. Celtic Voyager"
2021,"CV20019",2020,233,-7.277206,50.480031,0.198574028664244,0.152749252818649,254.288286561544,256.831169427159,50.9999999997,"Labadie","USBL","R.V. Celtic Voyager"
2021,"CV20019",2020,222,-8.075244,50.315569,0.29324223200501,0.225570947696161,124.926287444203,126.175550318645,36.9999999999,"Labadie","USBL","R.V. Celtic Voyager"
2021,"CV20019",2020,200,-7.833738,50.054119,0.288465942502525,0.221896878848096,94.3879978900416,95.331877868942,27.5,"Labadie","USBL","R.V. Celtic Voyager"
2021,"CV20019",2020,186,-8.672807,49.96496,0.0362780998129512,0.0279062306253471,150.105561827452,151.606617445727,5.5,"Labadie","USBL","R.V. Celtic Voyager"
2021,"CV20019",2020,235,-8.449717,50.574621,0,0,226.162418303529,228.424042486564,0,"Labadie","USBL","R.V. Celtic Voyager"
2021,"CV20019",2020,267,-7.65624,50.916858,0.00825611484437132,0.00635085757259332,179.884672493867,181.683519218805,1.5,"Labadie","USBL","R.V. Celtic Voyager"
2021,"CV20019",2020,171,-8.221375,49.797478,0.135614291794293,0.10431868599561,219.02536896395,221.215622653589,30,"Labadie","USBL","R.V. Celtic Voyager"
2021,"CV20019",2020,258,-7.97397,50.746817,0,0,241.270987700971,243.68369757798,0,"Labadie","USBL","R.V. Celtic Voyager"
2021,"CV20019",2020,244,-8.67214,50.664029,0.410286748857093,0.315605191428533,126.69236373,127.9592873673,52.5,"Labadie","USBL","R.V. Celtic Voyager"
2021,"CV20019",2020,182,-7.839047,49.882526,0.0205630280812574,0.0158177139086595,144.448425492854,145.892909747782,3,"Labadie","USBL","R.V. Celtic Voyager"
2021,"CV20019",2020,195,-8.923403,50.060668,0.0752514050113868,0.0578856961626053,138.150770771487,139.532278479201,10.5,"Labadie","USBL","R.V. Celtic Voyager"
2021,"CV20019",2020,204,-8.844474,50.145392,0.0875341341984417,0.0673339493834167,118.765550138331,119.953205639714,10.5,"Labadie","USBL","R.V. Celtic Voyager"
2021,"CV20019",2020,188,-8.379607,49.971122,0.0919256488739241,0.0707120375953263,134.633127700152,135.979458977154,12.5,"Labadie","USBL","R.V. Celtic Voyager"
2021,"CV20019",2020,202,-7.524641,50.052082,0.167256189900888,0.128658607616068,136.152074498511,137.513595243496,23,"Labadie","USBL","R.V. Celtic Voyager"
2021,"CV20019",2020,176,-7.453805,49.78804,0.0637870756724077,0.0490669812864674,131.936469816861,133.255834515029,8.5,"Labadie","USBL","R.V. Celtic Voyager"
2021,"CV20019",2020,213,-8.454269,50.230217,0.0485218191041605,0.0373244762339696,173.444477959335,175.178922738929,8.5,"Labadie","USBL","R.V. Celtic Voyager"
2021,"CV20019",2020,193,-7.450227,49.958744,0.102306492871153,0.0786973022085793,179.038799680456,180.82918767726,18.5,"Labadie","USBL","R.V. Celtic Voyager"
2021,"CV20019",2020,256,-8.28825,50.746883,0.316920131436028,0.243784716489252,126.527178059953,127.792449840553,40.5,"Labadie","USBL","R.V. Celtic Voyager"
2021,"CV20019",2020,237,-7.973191,50.573905,0.338416088234487,0.260320067872682,162.375539934231,163.999295333573,55.5,"Labadie","USBL","R.V. Celtic Voyager"
2021,"CV20019",2020,220,-8.373896,50.316728,0.369050623271601,0.283885094824309,127.434286801585,128.708629669601,47.5,"Labadie","USBL","R.V. Celtic Voyager"
2021,"CV20019",2020,215,-8.141524,50.228898,0.29835481410933,0.229503703161023,107.852182368308,108.930704191991,32.5,"Labadie","USBL","R.V. Celtic Voyager"
2021,"CV20019",2020,259,-7.817227,50.737223,0.0166074190992559,0.0127749377686584,238.471493730257,240.856208667559,4,"Labadie","USBL","R.V. Celtic Voyager"
2021,"CV20019",2020,184,-7.371823,49.871421,0.132415075158389,0.101857750121838,246.748848555577,249.216337041133,33,"Labadie","USBL","R.V. Celtic Voyager"
2021,"CV20019",2020,185,-8.847017,49.975091,0.139791545945883,0.10753195841991,134.57095034489,135.916659848338,19,"Labadie","USBL","R.V. Celtic Voyager"
2021,"CV20019",2020,207,-8.220226,50.140419,0.0592967090577255,0.0456128531213273,133.57894906945,134.914738560145,8,"Labadie","USBL","R.V. Celtic Voyager"
2021,"CV20019",2020,232,-7.901156,50.485224,0.167608039702859,0.128929261309892,183.124087372804,184.955328246532,31,"Labadie","USBL","R.V. Celtic Voyager"
2021,"CV20019",2020,194,-7.293097,49.958961,0.183779118703431,0.141368552848793,175.091806124661,176.842724185908,32.5,"Labadie","USBL","R.V. Celtic Voyager"
2021,"CV20019",2020,214,-8.309615,50.230852,0.266771122174012,0.205208555518471,126.188194817711,127.450076765888,34,"Labadie","USBL","R.V. Celtic Voyager"
2021,"CV20019",2020,255,-8.446239,50.740715,0.188208693686973,0.144775918220748,142.037398717555,143.457772704731,27,"Labadie","USBL","R.V. Celtic Voyager"
2021,"CV20019",2020,253,-7.114702,50.649611,0.0910630699904094,0.070048515377238,206.580792741778,208.646600669196,19,"Labadie","USBL","R.V. Celtic Voyager"
2021,"CV20019",2020,198,-8.146907,50.05312,0.165452068223484,0.127270821710372,212.439259471863,214.563652066582,35.5,"Labadie","USBL","R.V. Celtic Voyager"
2021,"CV20019",2020,192,-7.759854,49.965104,0.0641692139178178,0.0493609337829368,123.43601542871,124.670375582997,8,"Labadie","USBL","R.V. Celtic Voyager"
2021,"CV20019",2020,260,-7.666066,50.74324,0,0,70.371129470464,71.0748407651686,0,"Labadie","USBL","R.V. Celtic Voyager"
2021,"CV20019",2020,175,-7.60842,49.789414,0.0538048206153602,0.0413883235502771,147.213427879113,148.685562157904,8,"Labadie","USBL","R.V. Celtic Voyager"
2021,"CV20019",2020,261,-7.507589,50.739518,0.0929444299701401,0.0714957153616462,122.504797947756,123.729845927234,11.5,"Labadie","USBL","R.V. Celtic Voyager"
2021,"CV20019",2020,226,-8.138943,50.401604,0.161637711028287,0.12433670079099,177.637205479258,179.41357753405,29,"Labadie","USBL","R.V. Celtic Voyager"
2021,"CV20019",2020,229,-7.038369,50.390647,0.307056392338734,0.236197224875949,187.020182634424,188.890384460768,58,"Labadie","USBL","R.V. Celtic Voyager"
2021,"CV20019",2020,217,-8.998342,50.31578,0.0779101446162969,0.0599308804740745,171.56092700754,173.276536277615,13.5,"Labadie","USBL","R.V. Celtic Voyager"
2021,"CV20019",2020,254,-8.604925,50.752291,0.190935877988828,0.146873752299098,141.73714524192,143.154516694339,27.3333333331,"Labadie","USBL","R.V. Celtic Voyager"
2021,"CV20019",2020,173,-7.919511,49.795625,0.0536645780400475,0.0412804446461904,138.373259335346,139.7569919287,7.5,"Labadie","USBL","R.V. Celtic Voyager"
2021,"CV20019",2020,230,-8.514369,50.491818,0.270906121304492,0.208389324080378,127.916878288568,129.196047071453,35,"Labadie","USBL","R.V. Celtic Voyager"
2021,"CV20019",2020,248,-7.896529,50.661594,0.439373762203237,0.337979817079413,141.966232373497,143.385894697232,63,"Labadie","USBL","R.V. Celtic Voyager"
2021,"CV20019",2020,196,-8.457774,50.053325,0.255422527774388,0.19647886751876,209.321186351577,211.414398215092,54,"Labadie","USBL","R.V. Celtic Voyager"
2021,"CV20019",2020,212,-8.765951,50.231813,0.103126361070694,0.0793279700543804,225.61958447,227.8757803147,23.5,"Labadie","USBL","R.V. Celtic Voyager"
2021,"CV20019",2020,257,-8.128559,50.749045,0,0,219.922365860749,222.121589519356,0,"Labadie","USBL","R.V. Celtic Voyager"
2021,"CV20019",2020,203,-7.369616,50.046257,0.0409856296104621,0.0315274073926632,169.100563665314,170.791569301967,7,"Labadie","USBL","R.V. Celtic Voyager"
2021,"CV20019",2020,172,-8.073747,49.798365,0,0,182.656253230415,184.482815762719,0,"Labadie","USBL","R.V. Celtic Voyager"
2021,"CV20019",2020,228,-7.200434,50.391709,0.105666684243837,0.0812820648029515,154.60534018147,156.151393583284,16.5,"Labadie","USBL","R.V. Celtic Voyager"
2021,"CV20019",2020,187,-8.53301,49.969452,0.126385418643421,0.0972195528026318,148.845344581988,150.333798027807,19,"Labadie","USBL","R.V. Celtic Voyager"
2021,"CV20019",2020,266,-7.967413,50.917205,0,0,263.777757908881,266.415535487969,0,"Labadie","USBL","R.V. Celtic Voyager"
2021,"CV20019",2020,221,-8.217824,50.315427,0.116748183081386,0.0898062946779895,131.449879976009,132.764378775769,15.5,"Labadie","USBL","R.V. Celtic Voyager"
2021,"CV20019",2020,240,-7.505976,50.564793,0,0,206.673730945142,208.740468254594,0,"Labadie","USBL","R.V. Celtic Voyager"
2021,"CV20019",2020,178,-8.767342,49.889444,0.0785565112713302,0.0604280855933309,126.036530120494,127.296895421699,10,"Labadie","USBL","R.V. Celtic Voyager"
2021,"CV20019",2020,241,-7.34992,50.565839,0.0873071710124846,0.0671593623172959,170.106131905146,171.807193224198,15,"Labadie","USBL","R.V. Celtic Voyager"
2021,"CV20019",2020,252,-7.264775,50.649748,0.153445580197097,0.118035061690075,203.251985308543,205.284505161628,31.5,"Labadie","USBL","R.V. Celtic Voyager"
2021,"CV20019",2020,174,-7.76389,49.793073,0.060208166204661,0.0463139740035854,123.334475077943,124.567819828723,7.5,"Labadie","USBL","R.V. Celtic Voyager"
2021,"CV20019",2020,205,-8.53375,50.140808,0.291689613636188,0.22437662587399,179.900980601951,181.699990407971,52.9999999998,"Labadie","USBL","R.V. Celtic Voyager"
2021,"CV20019",2020,189,-8.22458,49.972092,0.145072080880332,0.111593908369486,174.034346231661,175.774689693978,25.5,"Labadie","USBL","R.V. Celtic Voyager"
